,GeneName,ProteinRegionSeq,Activity_mean,Activity_SEM,RegionType,Start,End,Length,OverlapsKRAB,OverlapsUniprotAD,PublishedAD,NegativeControls,PositiveControls,Activity_Zscore_mean,Activity_Zscore_SEM,Biological_Replicate_1_Raw_Activity,Biological_Replicate_2_Raw_Activity,Biological_Replicate_3_Raw_Activity,Biological_Replicate_1_UniqueIntegrationBCs,Biological_Replicate_2_UniqueIntegrationBCs,Biological_Replicate_3_UniqueIntegrationBCs
0,>sp|Q8N587|ZN561_HUMAN,VEDYLASGYQDSVTFDDVAVDFTPEEWALLDTTEKYLYRD,223.3345674,7.51141646,Prediction,28,68,41,TRUE,FALSE,FALSE,FALSE,FALSE,0.453366282,0.108105891,143.1532574,154.3492685,167.9786038,63,69,77
1,>sp|Q9H2A3|NGN2_HUMAN,ETLELKEEEDVLVLLGSASPALAALTPLSSSADEEEEEEPG,188.8907813,15.33825814,Prediction,5,46,42,FALSE,FALSE,FALSE,FALSE,FALSE,-0.505427247,0.51495939,122.4139587,141.3383508,98.3974618,15,10,19
2,>sp|Q9Y5A6|ZSC21_HUMAN,LELLVLEQFLTILPQELQAWVQEHCPESAEEAVTLLEDLERELDEPG,196.0478005,11.29588209,Prediction,84,131,48,FALSE,FALSE,FALSE,FALSE,FALSE,-0.399475917,0.22696655,96.50373072,129.7775009,157.3395974,48,57,65
3,>sp|Q9UID6|ZN639_HUMAN,DVQFSSSSELYLHFQEHSCDEQYLCQFCEHETNDPEDLH,218.6404009,8.770446402,Prediction,294,333,40,FALSE,FALSE,FALSE,FALSE,FALSE,0.296560371,0.01920683,133.1775274,147.8681132,170.3529896,27,37,37
4,>sp|Q96MU6|ZN778_HUMAN,QDAVTFDDVAVDFTQEEWTLLDPSQRDLYRDVMLENYENLASVEW,159.9907551,5.651563808,Prediction,38,83,46,TRUE,FALSE,FALSE,FALSE,FALSE,-1.467747358,0.06958525,75.38789893,94.68392048,105.3778735,38,54,41
5,>sp|Q8IWI9|MGAP_HUMAN,VTSAIEEAALDSSELLTNMEDEDDTDETLTSLLNEIAFLNQQLNDDSVGLAELPSSMDTEF,255.8474048,23.43927155,Prediction,2794,2855,62,FALSE,FALSE,FALSE,FALSE,FALSE,1.416183218,0.699873047,123.9256595,206.4764333,232.617549,4,5,6
6,>sp|Q8IWI9|MGAP_HUMAN,FQVEHLGTGLKELPDVQGESDSISPLLLHLEDDDFSENE,216.5015629,11.4380228,Prediction,2874,2913,40,FALSE,FALSE,FALSE,FALSE,FALSE,0.219882391,0.118040652,134.5126992,140.0311434,170.4382737,78,84,102
7,>sp|Q8IWI9|MGAP_HUMAN,ELPDVQGESDSISPLLLHLEDDDFSENEKQLAEPASEPD,199.6105778,14.03719322,Prediction,2885,2924,40,FALSE,FALSE,FALSE,FALSE,FALSE,-0.310772605,0.237908949,106.2063605,123.6186388,164.4841617,83,67,107
8,>sp|P54274|TERF1_HUMAN,LECQVQVGAPEEEEEEEEDAGLVAEAEAVAAGWMLDFLCLSLCRAFRDG,139.860511,4.478294618,Prediction,44,93,50,FALSE,FALSE,FALSE,FALSE,FALSE,-2.076327284,0.126326083,49.38206892,78.7673239,86.90956771,3,3,6
9,>sp|P04150|GCR_HUMAN,TNESPWRSDLLIDENCLLSPLAGEDDSFLLEGNSNEDCKPLILPDT,188.7590013,9.71646901,Prediction,207,253,47,FALSE,FALSE,FALSE,FALSE,FALSE,-0.598954476,0.296505675,83.91464436,132.5640452,145.2757419,17,14,18
10,>sp|O00409|FOXN3_HUMAN,SQCYGGSGFSKALQEDDDLDFSLPDIRLEEGAMEDEELTNLNWLHESKNLLKSF,207.3990206,16.77496734,Prediction,22,76,55,FALSE,FALSE,FALSE,FALSE,FALSE,-0.083416123,0.306680279,128.4817993,120.5373768,168.6553132,22,18,22
11,>sp|Q5TGY3|AHDC1_HUMAN,EPEPDSTDYSELADADILSELASLTCPEAQLLEAQALEP,159.3107226,5.991903952,Prediction,227,266,40,FALSE,FALSE,FALSE,FALSE,FALSE,,,62.79265657,112.5812548,,3,4,1
12,>sp|A6NFI3|ZN316_HUMAN,PRDEDLEEEEEEEEDEDEDDLLTAGCQELVTFEDVAVYFSLEEWERLEADQRGLYQE,212.0982686,7.574354905,Prediction,128,185,58,TRUE,FALSE,FALSE,FALSE,FALSE,,,,167.3068995,141.5465775,1,5,3
13,>sp|A6NFI3|ZN316_HUMAN,TGVYTGAWFWTDDIEDHEEEDDEDFLAEVAEEENEPPGLWSAAYGVG,199.378789,13.01127501,Prediction,230,277,48,TRUE,FALSE,FALSE,FALSE,FALSE,-0.213036764,0.428590372,133.9576091,142.6259508,117.0302346,16,18,16
14,>sp|Q9BYE7|PCGF6_HUMAN,SLGRFRGRFEDEDEELEEEEELEEEEEEEEEDMSHFSLRLEGGRQDSEDEEERLINLSELTPYIL,203.0083362,4.389585585,Prediction,68,133,66,FALSE,FALSE,FALSE,FALSE,FALSE,-0.122630722,0.25814762,121.7404723,148.2799039,134.4820599,13,13,14
15,>sp|P01100|FOS_HUMAN,DLGFPEEMSVASLDLTGGLPEVATPESEEAFTLPLLND,238.5425291,18.48419666,Prediction,208,246,39,FALSE,FALSE,FALSE,FALSE,FALSE,0.852041337,0.291091539,137.8365911,159.8181099,213.4503139,15,17,18
16,>sp|P78545|ELF3_HUMAN,DELSWIIELLEKDGMAFQEALDPGPFDQGSPFAQELLDDG,260.7677062,30.30532338,Prediction,133,173,41,FALSE,FALSE,TRUE,FALSE,FALSE,1.468024902,0.599111386,186.2914104,148.4255918,243.0635438,6,16,10
17,>sp|Q9H582|ZN644_HUMAN,SYETEDESSWDNVELGDYTTQAIEDETYSDINQEHVNLFPLF,235.1752321,22.64585469,Prediction,851,893,43,FALSE,FALSE,FALSE,FALSE,FALSE,0.745197819,0.48759999,118.6670047,163.4928182,218.843301,3,4,7
18,>sp|Q9H582|ZN644_HUMAN,VEGQEPGENATLSYDQNDGFYFEYYEDTGSNNFLHEIHDPQHLETADASLS,216.0599141,7.315934713,Prediction,896,947,52,FALSE,FALSE,FALSE,FALSE,FALSE,0.22762281,0.041384951,132.208303,147.5262979,163.9225688,29,20,31
19,>sp|P98177|FOXO4_HUMAN,SQDRMPQDLDLDMYMENLECDMDNIISDLMDEGEGLDFNFEPDP,256.9564981,9.212610003,Prediction,461,505,45,FALSE,FALSE,FALSE,FALSE,FALSE,1.457627453,0.122635549,164.335605,188.9332549,213.078062,27,26,21
20,>sp|Q96S65|CSRN1_HUMAN,QPGVDDDSLARILSFSDSDFGGEEEEEEEGSVGNLDNLSCFHPADIFGTSD,217.1107066,15.87159402,Prediction,382,433,52,FALSE,FALSE,FALSE,FALSE,FALSE,0.294396219,0.45310476,159.6320062,145.7722867,141.4052543,4,10,13
21,>sp|P43268|ETV4_HUMAN,MDPGSLPPLDSEDLFQDLSHFQETWLAEAQVPDSDEQFVPDFHSENLAFHS,226.2319903,19.79393609,Prediction,39,90,52,FALSE,FALSE,TRUE,FALSE,FALSE,0.490350944,0.412075269,160.3667367,132.7988312,181.0078304,12,12,15
22,>sp|Q6ZV50|RFX8_HUMAN,TLCHRDSFGSWHLFHLLLLEYMIHILQSCLEEEEEEEDMGTVKEMLPDDPTLGQPD,,,Prediction,414,470,57,FALSE,FALSE,FALSE,FALSE,FALSE,,,,,,,,
23,>sp|Q7RTS3|PTF1A_HUMAN,DAVLLEHFPGGLDAFPSSYFDEDDFFTDQSSRDPLEDGDELLADEQAEVEFLSHQLHEYCYRDGACLLLQPAPP,229.0266708,16.26874188,Prediction,1,75,75,FALSE,FALSE,FALSE,FALSE,FALSE,0.571421691,0.22707806,135.089054,149.4623323,198.0060537,12,8,11
24,>sp|Q96QS3|ARX_HUMAN,GTEDDEEELLEDEEDEDEEEELLEDDEEELLEDDARALLKEPRRCPVA,205.3100711,9.248260053,Prediction,221,269,49,FALSE,FALSE,FALSE,FALSE,FALSE,-0.083782687,0.349639336,98.93997677,153.9251618,158.5425023,13,10,16
25,>sp|P01106|MYC_HUMAN,YDLDYDSVQPYFYCDEEENFYQQQQQSELQPPAPSEDIW,237.9804401,5.622489169,Prediction,11,50,40,FALSE,FALSE,TRUE,FALSE,FALSE,0.909856307,0.282409021,139.932956,182.3583781,187.1274137,60,45,64
26,>sp|O15060|ZBT39_HUMAN,SCLSNSEHSKDPGFGQMDELQLEDLGDDDLQFEDPAEDIGTTEEVIELSDDSEDELAFGE,213.1269444,20.77815051,Prediction,274,334,61,FALSE,FALSE,FALSE,FALSE,FALSE,0.064541555,0.395560903,117.6268358,126.649119,190.5823059,11,9,10
27,>sp|Q9UIF9|BAZ2A_HUMAN,PDQLEDTPILSEDSLEPFNSLAPEPVSGGLYGIDDTEL,205.819541,1.207904502,Prediction,284,322,39,FALSE,FALSE,FALSE,FALSE,FALSE,-0.05211621,0.219395227,114.6657255,151.5329783,146.7373466,26,17,24
28,>sp|P19838|NFKB1_HUMAN,PLVENFEPLYDLDDSWENAGEDEGVVPGTTPLDMATSWQVFDIL,241.416787,11.86923749,Prediction,744,788,45,FALSE,FALSE,FALSE,FALSE,FALSE,0.97345586,0.070962652,158.0249388,164.5171904,197.1856595,6,4,8
29,>sp|Q9Y2N7|HIF3A_HUMAN,FTSGKDTEAVETDLDIAQDADALDLEMLAPYISMDDDFQLNASEQLP,182.6184006,12.05578412,Prediction,462,509,48,FALSE,TRUE,FALSE,FALSE,FALSE,-0.814409676,0.213918706,99.32694557,105.3573042,138.6483796,8,8,17
30,>sp|Q05516|ZBT16_HUMAN,FQQILEYAYTATLQAKAEDLDDLLYAAEILEIEYLEEQCLKMLETIQASDDNDTEATMAD,205.1446542,28.83096126,Prediction,79,139,61,FALSE,FALSE,FALSE,FALSE,FALSE,-0.178595644,0.735635977,74.12443727,137.6358216,199.1511313,8,12,14
31,>sp|P18848|ATF4_HUMAN,MTEMSFLSSEVLVGDLMSPFDQSGLGAEESLGLLDDYLEVA,246.8693386,7.519642477,Prediction,0,41,42,FALSE,FALSE,FALSE,FALSE,FALSE,1.161898613,0.180388947,151.9516947,183.6312611,200.5024874,41,36,51
32,>sp|P18848|ATF4_HUMAN,SKEDAFSGTDWMLEKMDLKEFDLDALLGIDDLETMPDDLLTTLDDTCDLFAPLVQETNKQ,231.2645406,11.99549682,Prediction,73,133,61,FALSE,FALSE,FALSE,FALSE,FALSE,0.684085369,0.223079635,159.6825685,154.2761073,175.3123734,21,22,26
33,>sp|Q9P0U4|CXXC1_HUMAN,PPEATATPEPLSDEDLPLDPDLYQDFCAGAFDDHGLPWMSDTEESPFLDPALR,195.7955619,5.727084531,Prediction,268,321,54,FALSE,FALSE,FALSE,FALSE,FALSE,-0.378923614,0.036750389,111.9980677,130.2801679,140.5858777,8,5,8
34,>sp|Q9NRM2|ZN277_HUMAN,NREYDRFYVINYLELGKSWEEVQLEDDRELLDHQEDDWSDWEEHPASAVCLFCEKQAETIE,215.6437466,5.184027703,Prediction,254,315,62,FALSE,FALSE,FALSE,FALSE,FALSE,0.223542577,0.088422002,128.1875073,151.8599836,162.3611765,10,6,9
35,>sp|Q9NRM2|ZN277_HUMAN,TWDQLEYYFPTYENDTLLCTLSDSESDLTAQEQNENVPIISED,216.4485351,11.51263067,Prediction,389,432,44,FALSE,FALSE,FALSE,FALSE,FALSE,0.215655019,0.10917821,131.7555692,140.5789897,172.4884738,66,64,74
36,>sp|Q96LU7|MRFL_HUMAN,GENEALQQFFEAQGANGTLENPALDTSLLEEFLGNDFDLG,269.8759153,15.99086534,Prediction,4,44,41,FALSE,FALSE,FALSE,FALSE,FALSE,1.814608057,0.136348126,175.1054371,191.3328955,238.6668408,19,25,20
37,>sp|Q01094|E2F1_HUMAN,ADSLLEHVREDFSGLLPEEFISLSPPHEALDYHFGLEEGEGIRDLFDCDFGDLTPLDF,217.8757608,16.91400707,Prediction,379,437,59,FALSE,TRUE,TRUE,FALSE,FALSE,0.40421838,0.71917239,139.5182817,186.1530482,123.43338,7,9,7
38,>sp|P35716|SOX11_HUMAN,LVDKDLDSFSEGSLGSHFEFPDYCTPELSEMIAGDWLEANFSDLV,261.6130812,20.06397168,Prediction,393,438,46,FALSE,TRUE,FALSE,FALSE,FALSE,1.541571657,0.24997689,167.3516358,175.6140182,237.3510172,7,4,7
39,>sp|P78413|IRX4_HUMAN,KEEKELELSDLDDFDPLEAEPPACELKPPFHSLDGGLERV,208.2142953,,Prediction,249,289,41,FALSE,FALSE,FALSE,FALSE,FALSE,,,,154.1462739,,1,2,1
40,>sp|Q3SY52|ZIK1_HUMAN,DEWGLLDEAQRLLYLEVMLENFALVASLGCGHGTEDEET,204.8248244,23.51289902,Prediction,38,77,40,TRUE,FALSE,FALSE,FALSE,FALSE,-0.077263919,0.849713598,68.68931761,176.4529523,164.8096309,7,4,2
41,>sp|Q14209|E2F2_HUMAN,CSSPLISFSPSLDQDDYLWGLEAGEGISDLFDSYDLGDLLIN,174.6761558,3.108613213,Prediction,395,437,43,FALSE,TRUE,FALSE,FALSE,FALSE,-0.999025805,0.09718589,91.41180173,115.9926634,112.1014298,24,26,27
42,>sp|Q9H175|CSRN2_HUMAN,TKNGTVESVEADGLTLDDVSDEDIDVENVEVDDYFFLQPLPTK,178.1587384,13.66594169,Prediction,138,181,44,FALSE,FALSE,FALSE,FALSE,FALSE,-0.910747957,0.332072554,114.6262579,103.0851351,112.2422496,50,51,46
43,>sp|O43524|FOXO3_HUMAN,KFPSDLDLDMFNGSLECDMESIIRSELMDADGLDFNFDSLIST,236.116638,11.57269459,Prediction,605,648,44,FALSE,FALSE,FALSE,FALSE,FALSE,0.812822698,0.135435481,140.7976416,165.7919044,197.2377955,10,12,11
44,>sp|Q15911|ZFHX3_HUMAN,LYGGLLANGDLLAMGDPTLAEDHTIIVEEDKEEESDLED,195.5894349,8.018199677,Prediction,1462,1501,40,FALSE,FALSE,FALSE,FALSE,FALSE,-0.399791438,0.136017456,101.1674565,131.017785,150.0604908,61,54,58
45,>sp|O15353|FOXN1_HUMAN,MHDTLLPDGDLGTDLDAINPSLTDFDFQGNLWEQLKDDSLALDPLV,264.7246071,15.99624866,Prediction,514,560,47,FALSE,FALSE,FALSE,FALSE,FALSE,1.657553528,0.132517544,171.6675018,185.0933255,232.8904214,71,72,98
46,>sp|Q96JG9|ZN469_HUMAN,GPARLPTDLSDSSSLCLCHEDPWEDEDPAGLPESFLLDGFLNSRVP,218.7845181,7.926927922,Prediction,2875,2921,47,FALSE,FALSE,FALSE,FALSE,FALSE,0.332117293,0.215991893,144.3413054,152.2847845,155.2048919,41,33,49
47,>sp|Q9NS37|ZHANG_HUMAN,VRAPSPEEMEEEAIASLPGEETEDMDFLSGLELADLLDPRQPDWHLDPGLSSPGPLSS,238.4762163,41.35860027,Prediction,74,132,59,FALSE,FALSE,FALSE,FALSE,FALSE,0.735527623,0.926845043,120.8522027,131.3639293,258.6899445,5,6,8
48,>sp|Q9NQX1|PRDM5_HUMAN,NLAAIQEGENIFYLAVEDIETDTELLIGYLDSDMEAEEEEQQIMTVIKEG,207.1838269,15.31468999,Prediction,94,144,51,FALSE,FALSE,FALSE,FALSE,FALSE,-0.022339676,0.559302273,87.71233384,164.3354594,164.9811149,17,18,14
49,>sp|Q13398|ZN211_HUMAN,PASGSVTFEDVAVYFSWEEWDLLDEAQKHLYFDVMLENFALTSSLGCWCGVEHEET,173.0427135,16.01122157,Prediction,27,83,57,TRUE,FALSE,FALSE,FALSE,FALSE,-1.127322913,0.365228201,76.01478035,96.01248642,142.5783012,28,13,17
50,>sp|Q8IX15|HOMEZ_HUMAN,RLSTQQVLDWFDSRLPQPAEVVVCLDEEEEEEEEELPEDD,168.357035,7.598888593,Prediction,488,528,41,FALSE,FALSE,FALSE,FALSE,FALSE,-1.213123053,0.121561092,90.17784768,99.70733352,110.6633512,33,21,24
51,>sp|Q15329|E2F5_HUMAN,IIDELMSSDVFPLLRLSPTPADDYNFNLDDNEGVCDLFDVQ,229.3237668,21.18466485,Prediction,301,342,42,FALSE,TRUE,FALSE,FALSE,FALSE,0.554408057,0.364846856,134.5800081,141.6627473,207.2059725,18,25,28
52,>sp|Q6ZRS2|SRCAP_HUMAN,EDTIAAEEQLEGEVDHAMELSELAREGELSMEELLQQYAGAYAPGSGSSEDEDEDEVD,210.3953784,20.30872293,Prediction,413,471,59,FALSE,FALSE,FALSE,FALSE,FALSE,0.061519249,0.535423791,159.7505101,125.9405211,140.9725315,9,11,9
53,>sp|P78415|IRX3_HUMAN,LADDDEDEEIDLENLDGAATEPELSLAGAARRDGDLGLG,176.7398234,5.991080982,Prediction,244,283,40,FALSE,FALSE,FALSE,FALSE,FALSE,-0.911183527,0.245088424,96.95859702,124.4095308,104.3287698,7,9,11
54,>sp|Q6NT04|TIGD7_HUMAN,PEYDFQGLEHGDYREILEKCGELETKLDDDRVWLNGDEE,225.8330861,2.94250581,Prediction,407,446,40,FALSE,FALSE,FALSE,FALSE,FALSE,0.544509314,0.18682992,136.8885984,166.5550487,169.5330388,27,12,21
55,>sp|Q6ZSZ6|TSH1_HUMAN,ESEDSLEKFEPSTLYPYLREEDLDDSPKGGLDILKSLE,212.8983603,6.147377703,Prediction,518,556,39,FALSE,FALSE,FALSE,FALSE,FALSE,0.134543486,0.063836548,124.3402057,147.8856959,161.9466069,30,34,38
56,>sp|O60678|ANM3_HUMAN,VEYMNSIYNPVPWEKEEYLKPVLEDDLLLQFDVEDLYEPVSVPFSYPNGLSENT,242.3708738,6.419762446,Prediction,102,156,55,FALSE,FALSE,FALSE,FALSE,FALSE,1.089803669,0.452657012,161.3509616,192.8082572,168.4308301,8,4,19
57,>sp|Q8NEP9|ZN555_HUMAN,DVAVDFTLEEWALLDSAQRDLYRDVMLETFQNLASVDDE,208.114172,28.26212115,Prediction,7,46,40,TRUE,FALSE,FALSE,FALSE,FALSE,-0.08776564,0.72657167,155.6206597,98.46277562,165.7365083,27,17,21
58,>sp|Q92949|FOXJ1_HUMAN,LPTPEEQGELEPLKGNFDWEAIFDAGTLGGELGALEALELSPP,222.836621,14.55906404,Prediction,292,335,44,FALSE,FALSE,FALSE,FALSE,FALSE,0.417422386,0.285871764,154.4027862,140.7007986,168.8837056,57,66,69
59,>sp|Q92949|FOXJ1_HUMAN,VEQAADSLDFDETFLATSFLQHPWDESGSGCLPPEPLFEAGDAT,252.0478128,26.79232609,Prediction,362,406,45,FALSE,FALSE,FALSE,FALSE,FALSE,1.216521573,0.471077663,152.4300649,157.6822238,241.5085771,43,38,44
60,>sp|P18850|ATF6A_HUMAN,TMESPFSPGLFHRLDEDWDSALFAELGYFTDTDELQLEAANETYENNFDNLDFDLDLMPWESDIWDINNQICTV,248.5441237,23.54830327,Prediction,9,83,75,FALSE,TRUE,TRUE,FALSE,FALSE,1.167157665,0.587260824,122.8758666,186.9329507,231.3009812,5,11,12
61,>sp|O15156|ZBT7B_HUMAN,GPQSYEPYEGEEEEEELVYPPAYGLAQGGGPPLSPEELGSDEDAIDPDLM,214.4499393,15.96094664,Prediction,265,315,51,FALSE,FALSE,FALSE,FALSE,FALSE,0.237397631,0.500890367,156.3187454,151.2809114,131.2275885,9,9,12
62,>sp|Q2KHR2|RFX7_HUMAN,QLPLQSELKEFEPSVSQTNESYFPFDDELTQDSIVEELVLME,208.944866,4.114058776,Prediction,756,798,43,FALSE,FALSE,FALSE,FALSE,FALSE,0.029552969,0.196329733,114.4449411,152.1013958,155.7656887,79,84,59
63,>sp|Q9BVI0|PHF20_HUMAN,FNLLTHVESLQDEVTHRMDSIEKELDVLESWLDYTGELE,231.548948,14.86580799,Prediction,939,978,40,FALSE,FALSE,FALSE,FALSE,FALSE,0.692973156,0.331605294,167.0790529,150.8064513,172.2387674,12,14,12
64,>sp|Q9BVI0|PHF20_HUMAN,VKALEEDNLSESSSESFLWSDDEYGQDVDVTTNPDEELDGDDRYDFEVV,205.9528116,9.79799365,Prediction,604,653,50,FALSE,FALSE,FALSE,FALSE,FALSE,-0.00350693,0.434931724,129.6243969,158.2709159,125.4405495,19,35,33
65,>sp|Q8WW38|FOG2_HUMAN,ECPSEETDIISKGDFPLEESFSTEFGPENLSCEEVEYFCNKGDDEGIQETAE,224.2058928,15.83772183,Prediction,25,77,53,FALSE,FALSE,FALSE,FALSE,FALSE,0.472912002,0.503178253,106.1152056,173.3859491,188.5939512,15,13,23
66,>sp|P49910|ZN165_HUMAN,LELLVLEQFLTILPGDLQAWVHEHYPESGEEAVTILEDLE,206.4349687,16.28129162,Prediction,88,128,41,FALSE,FALSE,FALSE,FALSE,FALSE,-0.1117692,0.306000582,106.1792009,131.3866137,177.2165191,31,18,22
67,>sp|P17014|ZNF12_HUMAN,KLEQGEEPWIVEGEFLLQSYPDEVWQTDDLIERIQEEENK,179.4824812,14.48638503,Prediction,58,98,41,TRUE,FALSE,FALSE,FALSE,FALSE,-0.892841555,0.336644123,113.1884604,98.58481175,122.151599,14,13,23
68,>sp|Q8N8E2|ZN513_HUMAN,VKCEGVKVDTEDSLDEGPGALVLESDLLLGQDLEFEEEEEEEEGDGNSDQLMGFERDSEGDSLGARPGLPYGL,241.9947282,40.95798163,Prediction,11,84,74,FALSE,FALSE,FALSE,FALSE,FALSE,,,144.8785646,262.5025813,114.0804663,3,3,4
69,>sp|Q96HQ0|ZN419_HUMAN,PAQVPVAADLLTDHEEGYVTFEDVAVYFSQEEWRLLDD,216.7640971,4.827722401,Prediction,8,46,39,TRUE,FALSE,FALSE,FALSE,FALSE,0.264901014,0.215587741,121.0244455,159.8406631,164.9046101,31,35,48
70,>sp|Q03701|CEBPZ_HUMAN,AVEDPDEEDEDNTSEAENGFSLEEVLRLGGTKQDYLMLATLDENEE,194.5490698,11.62520107,Prediction,20,66,47,FALSE,FALSE,FALSE,FALSE,FALSE,-0.439351923,0.198703292,118.7681748,117.3259295,143.0305326,50,40,58
71,>sp|Q13129|RLF_HUMAN,CHQLLGQEASDSDDDLSGYEMSINDTDVLESFLSDYDEGKEDKQY,215.6783823,20.98751124,Prediction,478,523,46,FALSE,FALSE,FALSE,FALSE,FALSE,0.140590281,0.395857645,127.4345608,124.8001126,190.277901,25,19,25
72,>sp|P04198|MYCN_HUMAN,PDLEFDSLQPCFYPDEDDFYFGGPDSTPPGEDIWKKFELL,205.4247322,13.8141915,Prediction,16,56,41,FALSE,FALSE,FALSE,FALSE,FALSE,-0.083502899,0.484095618,89.68732156,158.0398896,164.0244131,31,28,40
73,>sp|Q9UMN6|KMT2B_HUMAN,PPEDLGPDFEDMEVVSGLSAADLDFAASLLGTEPFQEEIVA,225.0334656,5.17827172,Prediction,1968,2009,42,FALSE,FALSE,FALSE,FALSE,FALSE,0.508391264,0.119166775,136.139909,161.8568562,172.5810592,100,100,104
74,>sp|Q12772|SRBP2_HUMAN,DDSGELGGLETMETLTELGDELTLGDIDEMLQFVSNQVGEFPDLFSEQLCSSFPG,255.6630044,17.92425994,Prediction,1,56,56,FALSE,TRUE,FALSE,FALSE,FALSE,1.384001202,0.275853324,182.7031805,165.7988865,213.9643736,11,22,22
75,>sp|Q96BA8|CR3L1_HUMAN,RLFPGSSFLDLGDLNESDFLNNAHFPEHLDHFTENMEDFSNDLFSSFFDDPVLDEKSPLLDMELDSPTPGIQAEH,244.3956022,13.32301848,Prediction,11,86,76,FALSE,TRUE,FALSE,FALSE,FALSE,1.059012117,0.208907064,143.9162595,175.0790788,209.6688958,20,13,8
76,>sp|Q9UIH9|KLF15_HUMAN,EHFCLPEFPLGDPDDVPRPFQPTLEEIEEFLEENMEPGV,296.9001544,17.78474805,Prediction,117,156,40,FALSE,FALSE,FALSE,FALSE,FALSE,2.651605889,0.4340022,182.0684971,234.3188664,269.790527,37,41,31
77,>sp|Q96PN7|TREF1_HUMAN,KDVDILDDDVVQQLGGVMEEAEVVDTDLLLDDQDSVLLQGDAEL,206.1752304,11.56179955,Prediction,1156,1200,45,FALSE,FALSE,FALSE,FALSE,FALSE,-0.097803227,0.164957348,112.2901077,134.8534196,166.8595914,29,27,38
78,>sp|Q9Y330|ZBT12_HUMAN,PPPPPLPPPLLRPVKLEFPLDEDLELKAEEEDEDEDEDVSDICIVKVE,175.0196816,9.260135006,Prediction,166,214,49,FALSE,FALSE,FALSE,FALSE,FALSE,-0.950435953,0.454519309,73.01664753,138.9357271,108.5840976,9,5,14
79,>sp|Q8IY51|TIGD4_HUMAN,NAEKDTGLDLVADALGAGVEFPEGLSIEEYAALDDDLETCEAAPNGD,230.6503186,23.81804136,Prediction,390,437,48,FALSE,FALSE,FALSE,FALSE,FALSE,0.580797405,0.437962454,135.3930713,138.7042594,213.3310526,13,13,21
80,>sp|O75461|E2F6_HUMAN,QEELSDLSAMEDALDELIKDCAQQLFELTDDKENERLAYV,213.3479492,13.7538946,Prediction,143,183,41,FALSE,FALSE,FALSE,FALSE,FALSE,0.11564151,0.210212194,135.4685294,131.9103101,168.1424355,36,44,50
81,>sp|Q6P1N0|C2D1A_HUMAN,GLLVDLSPDGLMIPEDGANDEELEAEFLALVGGQPPALE,232.6478086,39.34841506,Prediction,21,60,40,FALSE,FALSE,FALSE,FALSE,FALSE,0.630519583,1.014285567,81.80124837,167.0721407,244.5474642,10,11,16
82,>sp|Q7Z3V5|ZN571_HUMAN,VAIDFSQEEWECLDPAQRDLYRDVMLENYSNLISLDLE,220.0628011,5.607162716,Prediction,10,48,39,TRUE,FALSE,FALSE,FALSE,FALSE,0.393941338,0.401368402,120.4000788,174.6856675,160.5800846,6,6,6
83,>sp|P41161|ETV5_HUMAN,RKFLDTDLAHDSEELFQDLSQLQEAWLAEAQVPDDEQFVPDFQSDNLVLHAP,269.1952367,21.31690395,Prediction,31,83,53,FALSE,FALSE,TRUE,FALSE,FALSE,1.797568559,0.502116375,148.7172406,205.7058595,248.6400375,7,7,13
84,>sp|P41161|ETV5_HUMAN,ESECHLSEEDTLPLTHFEDSPAYLLDMDRCSSLPYAEGF,230.8376003,20.31867788,Prediction,469,508,40,FALSE,FALSE,FALSE,FALSE,FALSE,0.605514894,0.339174158,145.1883432,139.944517,202.8573681,24,19,25
85,>sp|Q8IWY8|ZSC29_HUMAN,LLVLEQFLTVLPGEIQNWVQEQCPENGEEAVTLVEDLE,174.4443051,2.676511487,Prediction,59,97,39,FALSE,FALSE,FALSE,FALSE,FALSE,-1.010062881,0.166407213,80.80157156,120.0484248,117.9603464,18,18,26
86,>sp|Q8WTR7|ZN473_HUMAN,EEFVTLKDVGMDFTLGDWEQLGLEQGDTFWDTALDNCQDLFLLDPP,256.5273619,21.68716186,Prediction,2,48,47,TRUE,FALSE,FALSE,FALSE,FALSE,1.378949724,0.313715224,170.7723363,163.3010875,230.9860895,25,19,32
87,>sp|Q8WTR7|ZN473_HUMAN,LMEDFFEEGFSQEIIEMLSKDGFWNSNFGEACIEDTWLDSLL,265.5835395,12.22526183,Prediction,84,126,43,TRUE,FALSE,FALSE,FALSE,FALSE,1.706260899,0.062531842,182.5714042,187.9417423,221.7148994,55,44,59
88,>sp|O00716|E2F3_HUMAN,QTEDQIPSNLEGPFVNLLPPLLQEDYLLSLGEEEGISDLFDAYDLEKLPLVEDFMCS,212.4002793,,Prediction,408,465,58,FALSE,TRUE,FALSE,FALSE,FALSE,,,,,151.1252406,1,1,4
89,>sp|Q8IZM8|ZN654_HUMAN,GSPNNSLNNVFKPLTECGDDYEEEEDEEGDYEEDDYDLNQETSVI,223.4044226,15.35529749,Prediction,132,177,46,FALSE,FALSE,FALSE,FALSE,FALSE,0.426579035,0.374895384,112.3669728,161.5830679,191.7406547,19,17,19
90,>sp|Q14872|MTF1_HUMAN,TVLIEQDPGTLEDEDDDGQCGEHLPFLVGGEEGFHLIDHEA,186.79674,4.356690272,Prediction,47,88,42,FALSE,FALSE,FALSE,FALSE,FALSE,-0.64298286,0.061941911,103.3489124,124.1792952,128.33944,11,11,20
91,>sp|Q6R2W3|SCND3_HUMAN,LELLVLEQFLTILPEELQSWVREHNPESGEEVVTLLEDLERELDEP,199.6512464,3.257399575,Prediction,91,137,47,FALSE,FALSE,FALSE,FALSE,FALSE,-0.2493163,0.11269559,114.2109409,139.0934803,141.1267455,30,34,29
92,>sp|Q6P280|ZN529_HUMAN,PEVEFPDQFFTVLTMDHELVTLRDVVINFSQEEWEYLDSA,204.7733918,13.92904654,Prediction,19,59,41,TRUE,FALSE,FALSE,FALSE,FALSE,-0.104649877,0.33768279,141.4006923,128.715638,139.6812725,57,52,50
93,>sp|Q8IUX7|AEBP1_HUMAN,LALLALCPGGRPQTVLTDDEIEEFLEGFLSELEPEPRED,199.492411,6.266166942,Prediction,13,52,40,FALSE,FALSE,FALSE,FALSE,FALSE,-0.273013043,0.10219163,107.3148302,136.385244,150.2545863,11,14,16
94,>sp|Q8IUX7|AEBP1_HUMAN,EVVTEFGTEVEPEFGTKVEPEFETQLEPEFETQLEPEFEEEEEEEKEEEIATGQAFPFTTVETYTVNFGDF,243.4198,11.947976,Prediction,1087,1158,72,FALSE,FALSE,FALSE,FALSE,FALSE,1.036199543,0.096872406,162.4925322,165.8043346,197.4399607,8,4,8
95,>sp|P0CG23|ZN853_HUMAN,LQQQQEQLQQQQLQPPPLEPEEEEEVELELMPVDLGSEQELEQQRQELERQQELER,208.8312858,,Prediction,294,350,57,FALSE,FALSE,FALSE,FALSE,FALSE,-0.272041841,,,,147.5562471,1,1,7
96,>sp|Q8WY36|BBX_HUMAN,CLQWHPLLAKKLLDFSEEEEEEDEEEDIDKVQLLGADGLEQDVGET,188.8452863,12.21469965,Prediction,24,70,47,FALSE,FALSE,FALSE,FALSE,FALSE,-0.537807435,0.379993115,122.4149119,131.1133511,108.4850233,13,10,15
97,>sp|Q9ULD5|ZN777_HUMAN,EEQDEEEEEEEEDELPQHLQSLGQLSGRYEASMYQTPLPGEM,227.0159639,7.939883796,Prediction,453,495,43,TRUE,FALSE,FALSE,FALSE,FALSE,0.561133676,0.093826849,146.1118165,157.0729684,173.3405344,12,12,12
98,>sp|Q86UP3|ZFHX4_HUMAN,EPTEPGDEDEEDAYSNELDDEEVLGELTDSIGNKDFPLLNQSISPLS,200.2881892,12.07251012,Prediction,464,511,48,FALSE,FALSE,FALSE,FALSE,FALSE,-0.277030089,0.215462358,102.5733924,130.9276927,162.8409101,22,18,24
99,>sp|Q86UP3|ZFHX4_HUMAN,ELSEAELQQLYASLPVNGELWAESETMSQDDHGLEQEME,251.0545021,10.61018843,Prediction,1404,1443,40,FALSE,FALSE,FALSE,FALSE,FALSE,1.314488863,0.48787519,140.9636755,204.3170777,203.3601804,5,8,6
100,>sp|Q9H0D2|ZN541_HUMAN,VLEDNLDTLSLYSGKDSDSVKLLEEYADSESQASLQDL,219.944016,13.93448426,Prediction,66,104,39,FALSE,FALSE,FALSE,FALSE,FALSE,0.308332621,0.172480983,134.1608508,140.2224839,180.9261407,20,19,23
101,>sp|Q8NFU7|TET1_HUMAN,EADEPPSDEPLSDDPLSPAEEKLPHIDEYWSDSEHIFLDAN,188.5937063,16.40730174,Prediction,1964,2005,42,FALSE,FALSE,FALSE,FALSE,FALSE,-0.624261663,0.465964917,72.42247438,131.8603578,156.9757141,7,8,12
102,>sp|Q00613|HSF1_HUMAN,PLFLLDPGSVDTGSNDLPVLFELGEGSYFSEGDGFAEDPTI,184.6970521,11.32614593,Prediction,471,512,42,FALSE,TRUE,FALSE,FALSE,FALSE,-0.636204775,0.45052391,106.3216732,142.469289,100.7776217,7,11,15
103,>sp|Q8N7M2|ZN283_HUMAN,VAIDFSQEEWECLDPAQRDLYVDVMLENYSNLVSLDLES,201.2244475,8.016043178,Prediction,77,116,40,TRUE,FALSE,FALSE,FALSE,FALSE,-0.212828075,0.13772441,124.564603,132.2239753,142.3621915,13,11,9
104,>sp|Q9ULJ3|ZBT21_HUMAN,EHGSPVSEDNFEEGSSPTLLDADFPDSDLNKDEFGELEG,209.9352411,10.92936215,Prediction,500,539,40,FALSE,FALSE,FALSE,FALSE,FALSE,0.036351197,0.299835968,104.4840147,151.3628091,169.4363269,55,61,76
105,>sp|Q15776|ZKSC8_HUMAN,LELLVLEQFLTILPEELQTLVKEHQLENGEEVVTLLEDLERQID,178.8468544,14.22607083,Prediction,90,134,45,FALSE,FALSE,FALSE,FALSE,FALSE,-0.915636085,0.324303352,110.8409443,97.73292499,123.4441214,61,44,62
106,>sp|O43309|ZSC12_HUMAN,QILELLVLEQFLTILPEELQAWVQEQHPESGEEVVTVLEDLERELDEPGE,201.7561741,24.92084047,Prediction,83,133,51,FALSE,FALSE,FALSE,FALSE,FALSE,-0.294739058,0.581342721,128.407691,98.84369037,173.4945683,25,25,24
107,>sp|Q7Z7K2|ZN467_HUMAN,DEDQEAEEEVEWPQHLSLLPSPFPAPDLGHLAAAYKLE,192.0057101,10.0618448,Prediction,99,137,39,FALSE,FALSE,FALSE,FALSE,FALSE,-0.512987365,0.232971395,91.29427034,129.4213855,150.7789021,31,29,35
108,>sp|Q9BQA5|HINFP_HUMAN,EKFFEHVTQHLQQHLHGSGEEEEEEEEDDPLEEEFSCLWQECGFCSLDSSADLIRHVYFHCYHT,194.1581105,23.06910374,Prediction,29,93,65,FALSE,FALSE,FALSE,FALSE,FALSE,-0.513985547,0.545736176,121.9580199,94.44765186,161.5460871,13,7,7
109,>sp|P17947|SPI1_HUMAN,YYPYLSSDGESHSDHYWDFHPHHVHSEFESFAENNFTE,217.4922724,14.53711855,Prediction,34,72,39,FALSE,FALSE,TRUE,FALSE,FALSE,0.23926148,0.289964297,113.0769614,149.597191,185.2800922,24,27,37
110,>sp|O60304|ZN500_HUMAN,PGLQPLPTLEQDLEQEEILIVKVEEDFCLEEEPSVETEDPSPETFRQLF,173.7280792,7.300391631,Prediction,4,53,50,FALSE,FALSE,FALSE,FALSE,FALSE,-1.058006596,0.087080625,90.51057605,105.1366103,121.0144789,72,72,70
111,>sp|Q9UC06|ZNF70_HUMAN,FPGEDLGDPFLQERGLEQMAVIYKEIPLGEQDEENDDYEGNF,192.0868423,28.72907846,Prediction,25,67,43,FALSE,FALSE,FALSE,FALSE,FALSE,-0.417817941,0.824885798,158.2193571,123.8355421,89.68305513,10,15,14
112,>sp|Q16665|HIF1A_HUMAN,ELVEKLFAEDTEAKNPFSTQDTDLDLEMLAPYIPMDDDF,228.8606125,9.779907201,Prediction,533,572,40,FALSE,TRUE,TRUE,FALSE,FALSE,0.62327977,0.341465495,122.9437476,174.3956798,184.7198377,35,28,37
113,>sp|A8MYZ6|FOXO6_HUMAN,APDRFPADLDLDMFSGSLECDVESIILNDFMDSDEMDFNFDSALPPPP,252.171633,7.522651154,Prediction,428,476,49,FALSE,FALSE,FALSE,FALSE,FALSE,1.324876513,0.129685793,169.1167868,183.1401361,199.7354035,94,79,79
114,>sp|Q9UGL1|KDM5B_HUMAN,EDFQQHSQKLLSEETPSAAELQDLLDVSFEFDVELPQLAE,217.9082432,1.766691803,Prediction,869,909,41,FALSE,FALSE,FALSE,FALSE,FALSE,0.310470168,0.199915594,129.8596971,160.375724,158.9667361,34,30,44
115,>sp|Q15047|SETB1_HUMAN,LTDDFADKEGLEMGDEYFANLDHIESVENFKEGYESDAP,218.1109985,9.174533668,Prediction,836,875,40,FALSE,FALSE,FALSE,FALSE,FALSE,0.309316601,0.380972352,111.3555123,168.266968,170.1879428,43,30,36
116,>sp|P19532|TFE3_HUMAN,QPPAPPSDALLDLHFPSDHLGDLGDPFHLGLEDILMEEEEGVVGGLSGGAL,235.9211351,30.62994855,Prediction,490,541,52,FALSE,FALSE,FALSE,FALSE,FALSE,0.980985458,1.030201001,192.0608245,194.8895728,116.2904353,10,3,12
117,>sp|O95785|WIZ_HUMAN,GPYLCELLEEVAEGVASPDEDEDEEPAVFPCIECSIYF,183.5936595,16.42202728,Prediction,238,276,39,FALSE,FALSE,FALSE,FALSE,FALSE,-0.810353235,0.344435716,90.58157556,103.1924551,152.4843753,20,9,16
118,>sp|P36956|SRBP1_HUMAN,EPPFSEAALEQALGEPCDLDAALLTDIEDMLQLINNQDSDFPGLFDPPYAG,272.8935063,50.94390743,Prediction,2,53,52,FALSE,TRUE,FALSE,FALSE,FALSE,2.16672925,1.314598293,246.1072833,156.4321955,,2,6,1
119,>sp|Q96MM3|ZFP42_HUMAN,QALGGDDFSDCYIECVIRGEFSQPILEEDSLFESLEYL,173.8349846,8.726305016,Prediction,60,98,39,FALSE,FALSE,FALSE,FALSE,FALSE,-1.066418957,0.147705872,83.74586458,105.1279054,128.1086113,10,12,6
120,>sp|O15391|TYY2_HUMAN,GDHDQEMLMLQTQEEVVGYCDSDNQLGNDLEDQLALPDSIEDEHFQMTLASL,219.2169193,9.62442624,Prediction,71,123,53,FALSE,TRUE,FALSE,FALSE,FALSE,0.308161369,0.054366138,130.6151987,148.1975185,174.3154683,15,14,27
121,>sp|Q96MW7|TIGD1_HUMAN,IDDYEGFKTSVEEVSADVVEIAKELELEVEPEDVTELLQSHDKTLTDEELFLMDAQRKWFLEMES,178.4950202,31.62399776,Prediction,410,475,66,FALSE,FALSE,FALSE,FALSE,FALSE,-0.925757234,0.900899095,149.1373623,76.73290526,105.0922206,5,4,6
122,>sp|Q8NCP5|ZBT44_HUMAN,LNHEASELANYFQSSDFLVPDYLNQEQEETLVQYDLGEHGFESNS,246.6323671,3.472322543,Prediction,508,553,46,FALSE,FALSE,FALSE,FALSE,FALSE,1.183667031,0.327061955,151.1508406,193.1885893,191.0350991,25,24,33
123,>sp|Q9Y4A8|NF2L3_HUMAN,LTSQDLLYDLDINIFDEINLMSLATEDNFDPIDVSQLFDEPDSDSGLSLDSSH,222.1335941,19.58467903,Prediction,374,427,54,FALSE,FALSE,FALSE,FALSE,FALSE,0.441139211,0.550105908,171.8975205,144.9558053,145.024884,16,18,21
124,>sp|Q86W11|ZSC30_HUMAN,LLMLEQFLAILPEELQAWLREHRPENGEEAVTMLEELEKELEE,178.2513382,3.949787722,Prediction,89,132,44,FALSE,FALSE,FALSE,FALSE,FALSE,-0.894580366,0.211080802,81.72659265,125.3383689,123.1664806,37,50,49
125,>sp|Q9UBX2|DUX4_HUMAN,ALPCGLLLDELLASPEFLQQAQPLLETEAPGELEASEEAASLEAPLSEEEYRALLEEL,224.8825754,34.41099976,Prediction,366,424,59,FALSE,TRUE,FALSE,FALSE,FALSE,0.42320429,0.921644785,78.48611425,166.3017922,225.3372473,4,10,7
126,>sp|Q8IUM7|NPAS4_HUMAN,SLDLKPWKCQELDFLADPDNMFLEETPVEDIFMDLSTPDPSEEWGSGDPEAE,229.539058,32.5647221,Prediction,682,734,53,FALSE,FALSE,FALSE,FALSE,FALSE,0.501215017,0.697115789,130.7427243,124.4939569,228.8579203,17,14,18
127,>sp|Q8IUM7|NPAS4_HUMAN,PCNNLSPEDHSFLEDLATYETAFETGVSAFPYDGFTDELHQLQSQV,234.9175471,9.234499463,Prediction,741,787,47,FALSE,FALSE,FALSE,FALSE,FALSE,0.787600513,0.023375364,147.1625902,164.1902757,188.8772028,144,127,148
128,>sp|Q06945|SOX4_HUMAN,SSDDEFEDDLLDLNPSSNFESMSLGSFSSSSALDRDLDFNFEP,213.1740087,19.7778042,Prediction,395,438,44,FALSE,FALSE,FALSE,FALSE,FALSE,0.076435,0.386361898,135.2847461,120.6297444,179.0849632,21,19,25
129,>sp|Q7Z340|ZN551_HUMAN,SAQGMTFEDVAIYFSQEEWELLDESQRFLYCDVMLENF,196.3199777,7.067974164,Prediction,24,62,39,TRUE,FALSE,FALSE,FALSE,FALSE,-0.354891686,0.13736474,119.2145855,129.8485398,135.3742352,69,66,45
130,>sp|Q96AP4|ZUP1_HUMAN,LDIPLEDCDQPLYDCPMCGLICTNYHILQEHVDLHLEE,196.5641423,5.474003884,Prediction,180,218,39,FALSE,FALSE,FALSE,FALSE,FALSE,-0.352540751,0.057711655,113.6113656,131.5843572,139.9741317,51,48,40
131,>sp|P52630|STAT2_HUMAN,SNRQVDELQQPLELKPEPELESLELELGLVPEPELSLDLEPLLKAGLDLGPELESVLESTLEPVIEPTLC,215.2692171,26.78498371,Prediction,698,768,71,FALSE,FALSE,FALSE,FALSE,FALSE,0.211612388,0.887118385,73.11464167,180.793941,187.3764961,12,14,13
132,>sp|P11473|VDR_HUMAN,MMDSSSFSNLDLSEEDSDDPSVTLELSQLSMLPHLADLVSY,227.8489872,18.43560195,Prediction,195,236,42,FALSE,FALSE,TRUE,FALSE,FALSE,0.525405948,0.292818915,143.856418,139.5736369,195.5943342,24,20,21
133,>sp|Q04206|TF65_HUMAN,EGTLSEALLQLQFDDEDLGALLGNSTDPAVFTDLASVDNSEFQQ,227.9177045,27.01477426,Prediction,432,476,45,FALSE,TRUE,FALSE,FALSE,FALSE,0.595795387,0.899955578,85.30746424,193.6179559,200.3051207,11,16,29
134,>sp|P15172|MYOD1_HUMAN,LLSPPLRDVDLTAPDGSLCSFATTDDFYDDPCFDSPDLRFFEDLDPRL,209.8397256,16.98659173,Prediction,2,50,49,FALSE,FALSE,TRUE,FALSE,FALSE,-0.002228507,0.331879645,137.3690688,121.8000263,165.8275093,17,28,28
135,>sp|Q9Y4E5|ZN451_HUMAN,NDLSYQNIEEEIVELPDLDYLRTMTHIVFVDFDNWSNF,176.7991863,8.258899793,Prediction,861,899,39,FALSE,FALSE,FALSE,FALSE,FALSE,-0.961388047,0.127279865,98.62971772,106.5625376,120.682731,31,22,27
136,>sp|Q96LW9|ZSC31_HUMAN,ELLVLEQFLTILPEELQAWVREHHPESGEEAVAVVEDLE,205.4240505,19.2881535,Prediction,79,118,40,FALSE,FALSE,FALSE,FALSE,FALSE,-0.152593046,0.400441968,131.0751129,113.100198,167.574268,48,43,49
137,>sp|Q8NF99|ZN397_HUMAN,LELLVLEQFLSILPEELQIWVQQHNPESGEEAVTLLEDLEREFDDPG,190.3674488,10.74134073,Prediction,89,136,48,FALSE,FALSE,FALSE,FALSE,FALSE,-0.517211593,0.457307114,79.73831388,148.0559709,138.785489,8,13,10
138,>sp|Q14494|NF2L1_HUMAN,ELPDPLGGLLDEAMLDEISLMDLAIEEGFNPVQASQLEEEFDSDSGLSLDSSH,199.9937733,21.99133579,Prediction,432,485,54,FALSE,FALSE,FALSE,FALSE,FALSE,-0.325049958,0.509346649,86.50401424,126.3379157,182.6168174,15,14,8
139,>sp|Q99607|ELF4_HUMAN,MDDDIHQLEDPSVFPAVIVEQVPYPDLLHLYSGLELDDVH,202.9185117,10.78245881,Prediction,18,58,41,FALSE,FALSE,FALSE,FALSE,FALSE,-0.193270337,0.140179647,111.1470952,131.60606,161.4798074,11,6,11
140,>sp|Q8WYN3|CSRN3_HUMAN,TKNGTVESEEASTLTLDDISDDDIDLDNTEVDEYFFLQPLPTKK,194.6417071,20.84490884,Prediction,137,181,45,FALSE,FALSE,FALSE,FALSE,FALSE,-0.34737113,0.83562879,67.41809678,174.361087,137.6233651,6,2,6
141,>sp|O43889|CREB3_HUMAN,ELELDAGDQDLLAFLLEESGDLGTAPDEAVRAPLDWALPLSEVPSDWEVDDLLC,267.814459,21.82864034,Prediction,1,55,55,FALSE,TRUE,FALSE,FALSE,FALSE,1.776353703,0.525008062,215.0004934,174.644083,209.276228,5,8,5
142,>sp|Q8WYA1|BMAL2_HUMAN,EPLLSDGAQLDFDALCDNDDTAMAAFMNYLEAEGGLGDPGDFSDIQWTL,245.9645549,13.09736853,Prediction,587,636,50,FALSE,FALSE,FALSE,FALSE,FALSE,1.109753153,0.139396992,167.3670989,165.85368,200.1503131,31,35,42
143,>sp|P50549|ETV1_HUMAN,RDLAHDSEELFQDLSQLQETWLAEAQVPDNDEQFVPDYQAESLAFHG,253.043844,35.43974308,Prediction,36,83,48,FALSE,FALSE,TRUE,FALSE,FALSE,1.281297961,0.936792366,220.5611001,133.7895027,200.2583567,8,15,10
144,>sp|Q86UZ6|ZBT46_HUMAN,PEALFPGDGPYLEDPEDPRGEAEELGEDDEGLAPEDALLADDK,218.5174207,4.694538015,Prediction,523,566,44,FALSE,FALSE,FALSE,FALSE,FALSE,0.321210053,0.240825483,122.0401255,162.9823514,166.0072128,30,29,27
145,>sp|Q16254|E2F4_HUMAN,LLEELMSSEVFAPLLRLSPPPGDHDYIYNLDESEGVCDLFD,228.8725976,15.95856931,Prediction,366,407,42,FALSE,TRUE,FALSE,FALSE,FALSE,0.598377005,0.330868693,163.2822621,144.3903514,174.4226067,49,45,65
146,>sp|Q15596|NCOA2_HUMAN,TEKEEMSFEPGDQPGSELDNLEEILDDLQNSQLPQLFPDT,241.0327634,15.97299101,Prediction,785,825,41,FALSE,FALSE,FALSE,FALSE,FALSE,0.937876975,0.177675211,153.7454091,158.4012024,206.4291062,29,23,18
147,>sp|Q15596|NCOA2_HUMAN,SPDDLLCPHPAAESPSDEGALLDQLYLALRNFDGLEEID,230.8859182,15.36053046,Prediction,1058,1097,40,FALSE,FALSE,TRUE,FALSE,FALSE,0.632390479,0.186031394,141.8622789,150.1350836,196.1378198,23,23,24
148,>sp|P35638|DDIT3_HUMAN,SFGTLSSWELEAWYEDLQEVLSSDENGGTYVSPPGNEEEES,269.1929775,22.80232324,Prediction,8,49,42,FALSE,FALSE,FALSE,FALSE,FALSE,1.757212584,0.308333003,180.0803755,175.5967611,247.3792235,24,26,33
149,>sp|O96006|ZBED1_HUMAN,DEQVFLYENARSGAEAEPEDQDEGEWGLDQEQVFSLGDG,204.1009535,25.35167889,Prediction,641,680,40,FALSE,FALSE,FALSE,FALSE,FALSE,-0.225587175,0.589599717,131.0456519,100.3399458,176.3946902,8,10,13
150,>sp|Q12772|SRBP2_HUMAN,MDDSGELGGLETMETLTELGDELTLGDIDEMLQFVSNQVGEFPDLFSEQL,252.7978491,6.809214906,Uniprot,0,50,51,FALSE,TRUE,FALSE,FALSE,TRUE,1.347348169,0.225885695,156.9289154,191.8015176,205.1405417,67,66,70
151,>sp|P19532|TFE3_HUMAN,TGSAPNSPMALLTIGSSSEKEIDDVIDEIISLESSYNDEMLSYLPGGTTG,241.2398456,11.94204319,Uniprot,239,289,51,FALSE,FALSE,FALSE,FALSE,TRUE,0.97142503,0.113467419,161.5385981,163.4469324,194.2114339,34,35,51
152,>sp|Q96BA8|CR3L1_HUMAN,MDAVLEPFPADRLFPGSSFLDLGDLNESDFLNNAHFPEHLDHFTENMEDFSNDLFSSFFD,239.6568016,19.36039363,Uniprot,0,60,61,FALSE,TRUE,FALSE,FALSE,TRUE,0.944775899,0.499112865,186.1792431,154.7569561,173.5116331,28,29,36
153,>sp|P36956|SRBP1_HUMAN,MDEPPFSEAALEQALGEPCDLDAALLTDIEDMLQLINNQDSDFPGLFDPPYAGSGAGGTD,220.6097385,8.997602132,Uniprot,0,60,61,FALSE,TRUE,FALSE,FALSE,TRUE,0.370469193,0.290912106,117.1994165,164.1185908,175.9886356,20,18,28
154,>sp|P04150|GCR_HUMAN,DQSTFDILQDLEFSSGSPGKETNESPWRSDLLIDENCLLSPLAGEDDSFLLEGNSNED,250.6392998,10.38000639,Uniprot,186,244,59,FALSE,FALSE,FALSE,FALSE,TRUE,1.259339717,0.09283257,158.1226062,180.494982,208.7777387,7,8,9
155,>sp|O15391|TYY2_HUMAN,MEDIPTESVQYEDVDGNWIYGGHNHPPLMVLQPLFTNTGYGDHDQEMLMLQTQEEVVGYCDSDNQLGNDLE,222.8701948,11.38914677,Uniprot,31,102,72,FALSE,TRUE,FALSE,FALSE,TRUE,0.444686098,0.264733093,153.9140073,149.61302,160.5609844,28,19,21
156,>sp|Q8WTR7|ZN473_HUMAN,VTLKDVGMDFTLGDWEQLGLEQGDTFWDTALDNCQDLFLLDPPRPNLTSHPDGSEDLEPLAGGSPEATSP,199.3980424,33.96251083,Uniprot,5,75,71,TRUE,FALSE,FALSE,TRUE,FALSE,-0.146027653,1.006595577,168.9261008,145.5637714,79.1816824,11,10,15
157,>sp|O00716|E2F3_HUMAN,SVSMGNLSPLASPANLLQQTEDQIPSNLEGPFVNLLPPLLQEDYLLSLGEEEGISDLFDAYDLEKLPLVEDFMCS,200.2137177,16.05963114,Uniprot,390,465,76,FALSE,TRUE,FALSE,FALSE,TRUE,-0.295227152,0.308861927,123.5854541,114.2656802,158.2674462,3,7,10
158,>sp|Q9UBX2|DUX4_HUMAN,DELLASPEFLQQAQPLLETEAPGELEASEEAASLEAPLSEEEYRALLEEL,255.092371,6.563502511,Uniprot,374,424,51,FALSE,TRUE,FALSE,FALSE,TRUE,1.41958184,0.169014016,172.23626,187.9002374,200.6180431,25,31,28
159,>sp|A6NFI3|ZN316_HUMAN,VTFEDVAVYFSLEEWERLEADQRGLYQEVMQENYGILVSLGYPIPKPDLIFRLEQGEEPWVPDSPRPEEGDI,206.8617892,10.94893153,Uniprot,157,229,73,TRUE,FALSE,FALSE,TRUE,FALSE,-0.059596381,0.283984395,102.3133141,146.9696023,166.7798788,29,22,19
160,>sp|Q06945|SOX4_HUMAN,SPDAPSLSGRSSAASSPAAGRSPADHRGYASLRAASPAPSSAPSHASSSASSHSSSSSSSGSSSSDDEFEDDLLDLNPSSNFESMSLGSFSSSSALDRDLDFNFEPGSGSHFEFPDYCTPEVSEMISGDWLESSISNLVFTY,,,Uniprot,332,474,143,FALSE,FALSE,FALSE,FALSE,TRUE,,,,,,,,
161,>sp|P52630|STAT2_HUMAN,MVSQTVPEPDQGPVSQPVPEPDLPCDLRHL,217.1037084,11.09769512,Uniprot,768,798,31,FALSE,FALSE,FALSE,FALSE,TRUE,0.236012211,0.102498486,127.4100694,144.076136,175.3023473,137,163,150
162,>sp|P11473|VDR_HUMAN,YRCLSFQPECSMKLTPLVLEVFGNEIS,194.3300098,5.896953869,Uniprot,400,450,51,FALSE,FALSE,FALSE,FALSE,TRUE,-0.379195941,0.277517268,115.0371949,140.887491,122.5427711,68,46,40
163,>sp|Q04206|TF65_HUMAN,RLVTGAQRPPDPAPAPLGAPGLPNGLLSGDEDFSSIADMDFSALLSQISS,207.5699638,18.79442947,Uniprot,501,551,51,FALSE,TRUE,FALSE,FALSE,TRUE,0.076824577,0.835261633,93.63722812,190.376517,134.1735739,5,4,7
164,>sp|Q00613|HSF1_HUMAN,LDNLQTMLSSHGFSVDTSALLDLFSPSVTVPDMSLPDLDSSLASIQELLSPQEPPRPPEAENSSPDSGKQLVHYTAQPLFLLDPGSVDTGSNDLPVLFELGEGSYFSEGDGFAEDPTISLLTGSEPPKAKDPTVS,,,Uniprot,394,529,136,FALSE,TRUE,FALSE,FALSE,TRUE,,,,,,,,
165,>sp|Q01094|E2F1_HUMAN,PVDEDRLSPLVAADSLLEHVREDFSGLLPEEFISLSPPHEALDYHFGLEEGEGIRDLFDCDFGDLTPLDF,220.5598519,13.3191252,Uniprot,367,437,71,FALSE,TRUE,FALSE,FALSE,TRUE,0.332094226,0.203301575,122.7771798,148.9602585,185.4195449,31,28,21
166,>sp|P01106|MYC_HUMAN,MPLNVSFTNRNYDLDYDSVQPYFYCDEEENFYQQQQQSELQPPAPSEDIWKKFELLPTPPLSPSRRSGLCSPSYVAVTPFSLRGDNDG,176.410087,24.36245379,Uniprot,0,88,89,FALSE,FALSE,FALSE,FALSE,TRUE,-1.023624021,0.692393882,117.068365,,85.29725796,7,1,2
167,>sp|Q9ULD5|ZN777_HUMAN,VTFDDVAVHFSEQEWGNLSEWQKELYKNVMRGNYESLVSMDYAISKPDLMSQMERGERPTMQEQEDSEEGET,229.9172107,21.43656397,Uniprot,284,356,73,TRUE,FALSE,FALSE,TRUE,FALSE,0.584219396,0.425483199,159.3175624,133.0977822,192.813715,7,6,4
168,>sp|O43889|CREB3_HUMAN,MELELDAGDQDLLAFLLEESGDLGTAPDEAVRAPLDWALPLSEVPSDWEVDDLLCSLLSPPASLNILSSSNPCLVHHDHTYSLPRETVSMDL,211.2920032,7.829042973,Uniprot,0,92,93,FALSE,TRUE,FALSE,FALSE,TRUE,0.106551113,0.354260698,106.8944569,161.64077,160.8182102,38,38,65
169,>sp|Q16254|E2F4_HUMAN,PIKADPTGVLELPKELSEIFDPTRECMSSELLEELMSSEVFAPLLRLSPPPGDHDYIYNLDESEGVCDLFDVPVLNL,207.1489482,14.69325967,Uniprot,336,413,78,FALSE,TRUE,FALSE,FALSE,TRUE,-0.02844258,0.370870526,145.920877,131.2494222,139.7539729,24,29,42
170,>sp|Q15596|NCOA2_HUMAN,SPDDLLCPHPAAESPSDEGALLDQLYLALRNFDGLEEIDRALGIPELVS,237.1317303,11.91171642,Uniprot,1058,1107,50,FALSE,FALSE,FALSE,FALSE,TRUE,0.840607822,0.100909941,144.7585531,164.2150689,197.8989965,65,58,77
171,>sp|P35716|SOX11_HUMAN,HFEFPDYCTPELSEMIAGDWLEANFSDLVFTY,235.7822709,5.320322289,Uniprot,409,441,33,FALSE,TRUE,FALSE,FALSE,TRUE,0.866504873,0.408276316,136.1571986,188.6935022,177.9735393,62,51,65
172,>sp|Q86WP2|GPBP1_HUMAN,NKVGTSFPHESTFGVGNFNAFKSTAKNFSPSTNSVKECNRS,204.0238554,8.863545994,Random,231,272,42,FALSE,FALSE,FALSE,FALSE,FALSE,-0.071086797,0.383762665,128.4435077,153.0043166,126.1011694,72,72,68
173,>sp|A6NFD8|HELT_HUMAN,KYARILAFLQSKARLGAEPAFPPLGSLPEPDFSYQLHPAGPE,205.2157589,13.38697681,Random,113,155,43,FALSE,FALSE,FALSE,FALSE,FALSE,-0.081136438,0.342835988,141.9613452,132.3929185,136.7704404,88,87,87
174,>sp|P20823|HNF1A_HUMAN,ITDTTNLSALASLTPTKQVFTSDTEASSESGLHTPASQATTLHVPSQD,206.693777,22.81572419,Random,523,571,49,FALSE,FALSE,FALSE,FALSE,FALSE,-0.132076822,0.508169413,134.0625473,107.5238046,173.9724067,74,75,92
175,>sp|Q03989|ARI5A_HUMAN,RGTMLHCPLNFTGTPGPLKGQAALPFSPLVIPAFPAHFLA,181.6247316,3.025008366,Random,500,540,41,FALSE,FALSE,FALSE,FALSE,FALSE,-0.771178778,0.213567768,96.51518346,129.398398,114.4380407,134,118,172
176,>sp|Q14774|HLX_HUMAN,LNSNPRNSVQHQFQDTFPGPYAVLTKDTMPQTYKRKRSWSRAVFSN,168.2960242,7.618298787,Random,239,285,47,FALSE,FALSE,FALSE,FALSE,FALSE,-1.162214345,0.260270709,91.08568775,116.4085573,92.87125511,17,11,21
177,>sp|Q7RTU1|TCF23_HUMAN,RERSRVRTLRQAFLALQAALPAVPPDTKLSKLDVLVLAASYIAHLTRTLGHELPGPAWPPFL,188.9041656,19.12533438,Random,83,145,63,FALSE,FALSE,FALSE,FALSE,FALSE,-0.587893326,0.50249218,136.2552507,106.7488379,119.1858356,31,31,48
178,>sp|P48443|RXRG_HUMAN,DTPVSAPRTLSAVGTPLNALGSPYRVITSAMGPPSGALAA,197.7324023,11.68008348,Random,46,86,41,FALSE,FALSE,FALSE,FALSE,FALSE,-0.264478531,0.561809091,88.54689271,164.112144,136.0155978,69,50,66
179,>sp|O75437|ZN254_HUMAN,IIHAGEKLYKCEECGEAFNRSSNLTTHKIIHTGEKPYKCE,178.478825,9.696689492,Random,257,297,41,FALSE,FALSE,FALSE,FALSE,FALSE,-0.928068076,0.150550563,94.26991541,105.6913655,130.9526215,118,94,127
180,>sp|Q9Y468|LMBL1_HUMAN,VAEVCGYRLRLHFDGYSECHDFWVNANSPDIHPAGWFEKTGHKLQPPKGY,177.5791548,10.16355784,Random,327,377,51,FALSE,FALSE,FALSE,FALSE,FALSE,-0.927759502,0.217808013,106.6809461,106.6737825,114.8601634,35,27,46
181,>sp|Q5VTD9|GFI1B_HUMAN,PSTMQSAFLEHSVSLYGSPLVPSTEPALDFSLRYSPGMDAYHCVKCN,201.5996245,6.211186785,Random,122,169,48,FALSE,FALSE,FALSE,FALSE,FALSE,-0.209320072,0.064598873,111.8845154,137.0513144,151.3404713,149,134,158
182,>sp|Q5VZB9|DMRTA_HUMAN,PPPSPALPVPSGMQVPPAFLRPPSLFLRAAAAAAAAAAATSGSGGCPPAPGLESG,208.5825922,8.508206375,Random,28,83,56,FALSE,FALSE,FALSE,FALSE,FALSE,-0.008257517,0.116073879,115.0860364,142.4185816,163.720586,18,22,27
183,>sp|Q8TD23|ZN675_HUMAN,EQNIKDSFEKVTLRRYEKCGNDNFQLKGCKSVDECKLHKG,181.7241536,15.28438131,Random,87,127,41,FALSE,FALSE,FALSE,FALSE,FALSE,-0.760849612,0.427219326,122.5043455,117.9345144,100.2110284,31,24,62
184,>sp|Q96NL3|ZN599_HUMAN,KEICPEKLSYKHDDLEPDDSLGLRVLQERVTPQDALHECDSQGPGKDPMTDARNNPYT,201.2485552,6.78410854,Random,142,200,59,FALSE,FALSE,FALSE,FALSE,FALSE,-0.217809867,0.046276186,118.5789611,133.6159622,147.0281698,24,30,36
185,>sp|Q8WYA1|BMAL2_HUMAN,PGEASFLPCSSQSSEESSRQSCMSVPGMSTGTVLGAGSIGTDIANEIL,206.0990104,7.84875535,Random,477,525,49,FALSE,FALSE,FALSE,FALSE,FALSE,-0.026939339,0.301071132,132.0596214,148.0513843,133.6634531,80,77,79
186,>sp|Q9UL40|ZN346_HUMAN,REMIDPDKFCSLCHATFNDPVMAQQHYVGKKHRKQETKLKLMARYGRLADPAVTDFPAGKGYPCKT,202.2069503,11.77222036,Random,177,243,67,FALSE,FALSE,FALSE,FALSE,FALSE,-0.171054271,0.296891012,135.8023329,131.5810233,134.7149221,22,39,35
187,>sp|Q9H9D4|ZN408_HUMAN,PVCGKALRDPHTLRAHERLHSGERPFPCPQCGRAYTLAT,172.859136,2.372535496,Random,553,592,40,FALSE,FALSE,FALSE,FALSE,FALSE,-1.05999531,0.070314903,86.32205612,114.056698,113.6760815,54,43,83
188,>sp|Q9BZB8|CPEB1_HUMAN,GIHDHLPDFQDSEETVTSRMLFPTSAQESSRGLPDANDLCL,221.3902293,6.767339176,Random,56,97,42,FALSE,FALSE,FALSE,FALSE,FALSE,0.389982252,0.053316949,134.4458692,154.6441946,170.5580518,137,123,164
189,>sp|Q15319|PO4F3_HUMAN,EAFAERFKQRRIKLGVTQADVGAALANLKIPGVGSLSQSTICR,179.7543266,7.128949656,Random,187,230,44,FALSE,FALSE,FALSE,FALSE,FALSE,-0.864777977,0.099837367,101.0109097,112.0550712,121.6744265,81,64,91
190,>sp|P78413|IRX4_HUMAN,GNYVTYGSEASAFYSLNSFDSKDGSGSAHGGLAPAAAAYYPYEPALGQYPYD,209.2214586,11.3321422,Random,83,135,53,FALSE,FALSE,FALSE,FALSE,FALSE,-0.00087148,0.130162168,127.1362961,132.9647765,163.0407308,29,31,35
191,>sp|Q8NEM1|ZN680_HUMAN,FTLFSTLTNHKVIHTGEKSYKCDECGNVFNWPATLANHKRIHARE,184.4633099,4.108618499,Random,442,487,46,FALSE,FALSE,FALSE,FALSE,FALSE,-0.717537274,0.122870184,91.99996225,125.5138206,131.3535742,135,135,158
192,>sp|Q9UJW8|ZN180_HUMAN,RTHTGEKPYECNQCGKSFRQSYKLIAHQRTHTGEKPYECNQCGKSFIQSYKL,179.9770238,11.4496148,Random,428,480,53,FALSE,FALSE,FALSE,FALSE,FALSE,-0.887293058,0.207390119,100.4682505,103.0975754,131.8426729,98,81,106
193,>sp|Q13469|NFAC2_HUMAN,SSPGAKRRHSCAEALVALPPGASPQRSRSPSPQPSSHVAPQDHGSPAGYPPV,209.975606,7.400483172,Random,245,297,53,FALSE,FALSE,FALSE,FALSE,FALSE,0.042510629,0.034846863,126.3591794,141.247889,157.7971771,33,29,37
194,>sp|Q9BYV9|BACH2_HUMAN,NDFQMMIKMHKLTSEQLEFIHDVRRRSKNRIAAQRCRKRKLDCIQNLECEIRKLVCE,198.7955834,14.39278684,Random,627,684,58,FALSE,FALSE,FALSE,FALSE,FALSE,-0.20450835,0.525307097,129.6008713,152.6770892,109.5862171,38,44,42
195,>sp|Q6V9R5|ZN562_HUMAN,MLENYMNLASVDFFFCLTSEWEIQPRTKRSSLQQGFLKNQIFTGIQMQTRSYSGWKLCENCGEVFSEQFCLKTHM,202.4211978,12.72488379,Random,69,144,76,FALSE,FALSE,FALSE,FALSE,FALSE,-0.168356932,0.471140132,88.34150285,156.2476469,158.1518712,21,28,29
196,>sp|Q99687|MEIS3_HUMAN,LLALVFEKCELATCSPRDGAGAGLGTPPGGDVCSSDSFNEDIAAFAKQV,192.5271875,6.601295236,Random,67,116,50,FALSE,FALSE,FALSE,FALSE,FALSE,-0.423862393,0.327336043,111.5634338,143.3015537,118.1940025,40,53,62
197,>sp|Q05066|SRY_HUMAN,IPALRRSSSFLCTESCNSKYQCETGENSKGNVQDRVKRPM,201.0841393,13.93376626,Random,24,64,41,FALSE,FALSE,FALSE,FALSE,FALSE,-0.224483523,0.321620319,136.3666936,123.224159,139.1389928,17,27,27
198,>sp|O60675|MAFK_HUMAN,ALKVKKEAGENAPVLSDDELVSMSVRELNQHLRGLTKEEVTRLKQRRRTLKNRGYAASCRI,196.9603345,10.49966635,Random,9,70,62,FALSE,FALSE,FALSE,FALSE,FALSE,-0.366581492,0.141044626,116.7367905,121.9652574,147.656383,51,46,55
199,>sp|Q99801|NKX31_HUMAN,GDLEKHSSLPALKEEAFSRASLVSVYNSYPYYPYLYCVG,176.0026067,9.286302859,Random,188,227,40,FALSE,FALSE,FALSE,FALSE,FALSE,-0.906229416,0.402987582,91.40275018,135.2324552,96.85004207,41,51,47
200,>sp|P22392|NDKB_HUMAN,YIDLKDRPFFPGLVKYMNSGPVVAMVWEGLNVVKTGRVMLGETNP,174.6739646,5.240274795,Random,51,96,46,FALSE,FALSE,FALSE,FALSE,FALSE,-1.020183465,0.021425888,89.22578591,110.2585724,120.0149629,208,254,256
201,>sp|P49640|EVX1_HUMAN,LPYPFPSHLPLPYYSPVGLGAASAASAAASPFSGSLRPLDTFRVLSQP,220.6259137,8.81367385,Random,268,316,49,FALSE,FALSE,FALSE,FALSE,FALSE,0.359641461,0.057298636,138.2840743,149.0686183,170.0024761,93,78,109
202,>sp|Q96I27|ZN625_HUMAN,AHTGGKPYDCEECGKSFISRSSIRRHRIMHSGDGPYKCNFCGKALMCLSLYLIHKRTHTGE,202.1457734,9.85717178,Random,89,150,62,FALSE,FALSE,FALSE,FALSE,FALSE,-0.19579882,0.282160421,98.08153447,144.3252417,159.5079714,49,37,66
203,>sp|Q9UC06|ZNF70_HUMAN,AFCHSSALIQHQRIHTGKKPYTCECGKAFRHRSALIEHYKTH,164.9111066,4.257491318,Random,371,413,43,FALSE,FALSE,FALSE,FALSE,FALSE,-1.303080208,0.046722304,82.81620783,103.209949,104.1845905,111,97,124
204,>sp|P0CG23|ZN853_HUMAN,AKRFSESSALVQHQRTHTGERPYACGDCGKRFSVSSNLLRHRRTHSGERPYVCEDCGERFR,184.2122294,1.65390741,Random,546,607,62,FALSE,FALSE,FALSE,FALSE,FALSE,-0.696133496,0.21845125,95.4287416,132.7902425,119.8951315,102,97,120
205,>sp|P0CH99|Z705D_HUMAN,HTGERPYACHLCGKAFTQCSHLRRHEKTHTGERPYKCHQCGKAFIQSFNLRRHE,167.1456758,7.369101858,Random,193,247,55,FALSE,FALSE,FALSE,FALSE,FALSE,-1.249868514,0.114360595,88.3753444,98.83715219,109.7019584,107,104,113
206,>sp|Q15596|NCOA2_HUMAN,AGSVDKQAIINDLMQLTAENSPVTPVGAQKTALRISQSTFNNPRPGQLGRLLPNQNLPLDIT,205.0299856,14.31390755,Random,830,892,63,FALSE,FALSE,FALSE,FALSE,FALSE,-0.146751955,0.240140295,109.5058892,129.9583687,171.1031264,87,76,74
207,>sp|P43354|NR4A2_HUMAN,YCRFQKCLAVGMVKEVVRTDSLKGRRGRLPSKPKSPQEPSPPSP,171.6444167,6.317641188,Random,316,360,45,FALSE,FALSE,FALSE,FALSE,FALSE,-1.085103764,0.160559535,95.09996947,111.32303,103.987678,53,46,53
208,>sp|Q3ZCT1|ZN260_HUMAN,HTGEKPYTCKECGKAFSGKSNLTEHEKIHIGEKPYKCNECG,185.380504,5.403207743,Random,241,282,42,FALSE,FALSE,FALSE,FALSE,FALSE,-0.68534139,0.085483298,104.880347,121.3973628,125.3412297,104,94,96
209,>sp|Q8N8L2|ZN491_HUMAN,LYLTHERTHTGEKRYECKQCGKAFSWHSSVRIHERTHTGEKPYECKECGKSFNFSSSFR,192.9125841,16.25743415,Random,144,203,60,FALSE,FALSE,FALSE,FALSE,FALSE,-0.521330251,0.324131926,113.4408456,107.1163043,153.6580299,26,45,55
210,>sp|Q8IVP9|ZN547_HUMAN,KLFMWSSTLITHQRVHTGKRPYGCSECGKFFKCNSNLFRHYRIHTG,182.9157658,7.33304569,Random,246,292,47,FALSE,FALSE,FALSE,FALSE,FALSE,-0.782824559,0.108746361,91.41964651,117.4642905,135.3407878,68,56,65
211,>sp|P01100|FOS_HUMAN,SSASPAGDSLSYYHSPADSFSSMGSPVNAQDFCTDLAVSSA,219.9111759,10.21963253,Random,17,58,42,FALSE,FALSE,FALSE,FALSE,FALSE,0.328809205,0.158666187,123.3257597,153.0480124,178.8371832,114,107,121
212,>sp|P18847|ATF3_HUMAN,SEVSASAIVPCLSPPGSLVFEDFANLTPFVKEELRFAIQN,208.7228078,14.0502303,Random,11,51,41,FALSE,FALSE,FALSE,FALSE,FALSE,-0.030451668,0.249152549,109.3939817,137.036482,175.2153871,60,51,60
213,>sp|Q8NHM5|KDM2B_HUMAN,HLTEFELKGLKALVEKLESLPENKKCVPEGIEDPQALLEGVKN,186.5636403,13.9321162,Random,507,550,44,FALSE,FALSE,FALSE,FALSE,FALSE,-0.597546175,0.615781088,73.67176123,157.0247788,124.4718084,39,29,42
214,>sp|Q3MJ62|ZSC23_HUMAN,PYICSECGKSFTQNSILIEHQRTHTGEKPYECDECGRAFSQRSG,183.8560888,4.599655506,Random,247,291,45,FALSE,FALSE,FALSE,FALSE,FALSE,-0.732332649,0.187329885,87.68724018,128.1027378,131.2557159,162,118,161
215,>sp|Q9Y2Y4|ZBT32_HUMAN,HPPPAPPARSRPYACSVCGKRFSLKHQMETHYRVHTGEKPFSCS,177.4995378,7.455518015,Random,360,404,45,FALSE,FALSE,FALSE,FALSE,FALSE,-0.948284403,0.101513279,88.32973123,110.5133302,129.1329794,90,92,102
216,>sp|P28358|HXD10_HUMAN,TKHQTLELEKEFLFNMYLTRERRLEISKSVNLTDRQVKIW,176.7579969,5.578409005,Random,273,313,41,FALSE,FALSE,FALSE,FALSE,FALSE,-0.952271195,0.052082689,95.10686766,111.7949686,118.849582,55,51,83
217,>sp|Q9NQV7|PRDM9_HUMAN,LRHQRTHTGEKPYVCRECGRGFRDKSNLLSHQRTHTGEKPYVCRECG,173.090323,7.812784233,Random,763,810,48,FALSE,FALSE,FALSE,FALSE,FALSE,-1.081097192,0.104837322,89.20639511,103.6431943,121.898807,134,143,163
218,>sp|Q8IWY8|ZSC29_HUMAN,ALMSAQVIALPSNGLEAAASHSGLVGSDAETEEPGQRGWQHEEGAEE,220.8854113,17.4856828,Random,328,375,48,FALSE,FALSE,FALSE,FALSE,FALSE,0.350868318,0.383112709,157.6832951,133.5523885,166.8979778,19,16,15
219,>sp|P49910|ZN165_HUMAN,RIHTGERPFGCKECGRAFNLNSHLIRHQRIHTREKPYECSECGKTFRVSSHLIRHFRIH,209.5570265,21.85439841,Random,391,450,60,FALSE,FALSE,FALSE,FALSE,FALSE,-0.04946231,0.436217945,113.228479,121.7203484,189.1996796,24,18,27
220,>sp|Q96DN6|MBD6_HUMAN,RLADPVPSGGSSSPRFLPRGNAPSPAPPPPPAISLNAPSYNWGAALRSSLV,214.7277657,5.913216991,Random,187,238,52,FALSE,FALSE,FALSE,FALSE,FALSE,0.194120502,0.163061908,120.1058467,154.2878973,165.2669805,137,113,118
221,>sp|Q14186|TFDP1_HUMAN,PTNSAQECQNLEVERQRRLERIKQKQSQLQELILQQIAFKNLVQRNRHAEQQASRPP,175.0329222,6.361722606,Random,194,251,58,FALSE,FALSE,FALSE,FALSE,FALSE,-1.012935204,0.054876199,91.74693287,108.2526729,120.5765883,31,20,32
222,>sp|O60682|MUSC_HUMAN,LASSYIAHLRQLLQEDRYENGYVHPVNLTWPFVVSGRPDSD,206.6095319,6.820711662,Random,150,191,42,FALSE,FALSE,FALSE,FALSE,FALSE,-0.031274663,0.202186985,130.6719447,143.0824348,141.5516437,54,46,35
223,>sp|Q8IVC4|ZN584_HUMAN,SYRVIQHQDTHSEGKPRRHTEHGAAFPPGSSCGQQQEVHVAE,198.320042,11.32219411,Random,114,156,43,FALSE,FALSE,FALSE,FALSE,FALSE,-0.335997336,0.154203713,108.972384,124.7260185,156.7391509,75,64,73
224,>sp|O00409|FOXN3_HUMAN,VLRSVSPVQDLDDDTPPSPAHSDMPYDARQNPNCKPPYSFSCLIFMAIEDSPTKRLPVK,206.1184599,14.19285533,Random,79,138,60,FALSE,FALSE,FALSE,FALSE,FALSE,-0.077261048,0.437782866,91.8602046,153.0744327,168.89817,52,38,58
225,>sp|Q8N3X6|LCORL_HUMAN,DSKETCAVLQKVALWARAQAERTEKSKLNLLETSEIKFPT,205.979548,17.87366929,Random,337,377,41,FALSE,FALSE,FALSE,FALSE,FALSE,-0.136756867,0.333595638,109.585952,125.1974222,178.6326974,51,50,59
226,>sp|Q06730|ZN33A_HUMAN,IGDKSYECNACGKTFYHKSLLTRHQIIHTGWKPYECYECG,182.4850295,3.141290962,Random,490,530,41,FALSE,FALSE,FALSE,FALSE,FALSE,-0.761144787,0.120877279,99.3517138,123.9154793,119.665323,47,53,56
227,>sp|P52744|ZN138_HUMAN,CKSVDECKGHQGGFNGLNQCLKITTSKIFQCNKYVKVMH,172.3751527,7.366299888,Random,53,92,40,FALSE,FALSE,FALSE,FALSE,FALSE,-1.100088405,0.092328587,88.68466971,103.7224291,120.1957867,79,54,62
228,>sp|O95935|TBX18_HUMAN,YQNQQITRLKIDRNPFAKGFRDSGRNRMGLEALVESYAFWRPSLRTLTFEDIPGI,190.2220536,5.901541753,Random,308,363,56,FALSE,FALSE,FALSE,FALSE,FALSE,-0.551882815,0.008994241,104.2298092,124.718367,137.195412,27,24,32
229,>sp|Q02548|PAX5_HUMAN,TSRTGHGGVNQLGGVFVNGRPLPDVVRQRIVELAHQGVRP,208.2001643,11.22573552,Random,11,51,41,FALSE,FALSE,FALSE,FALSE,FALSE,0.038565842,0.534224432,97.50808096,170.4524539,152.1173855,18,13,21
230,>sp|Q13516|OLIG2_HUMAN,RPSSPEPDDLFLPARSKGSSGSAFTGGTVSSSTPSDCPPELSAE,196.474814,4.465290609,Random,10,54,45,FALSE,FALSE,FALSE,FALSE,FALSE,-0.355815531,0.082415596,107.1652581,134.7385242,142.9980873,308,300,337
231,>sp|Q8TD94|KLF14_HUMAN,QVPAPSPGAGGAAPHLLAASVWADLRGSSGEGSWENSGEAPRASS,219.3209368,36.18521868,Random,67,112,46,FALSE,FALSE,FALSE,FALSE,FALSE,0.201648377,0.938301876,166.8687149,92.88519849,193.6863245,13,18,21
232,>sp|Q99929|ASCL2_HUMAN,RSAVEYIRALQRLLAEHDAVRNALAGGLRPQAVRPSAPRGPPGTTPVAASPSRASSSPGRGGSSEPGSPRSAYSS,256.3349408,14.90357872,Random,92,167,76,FALSE,FALSE,FALSE,FALSE,FALSE,1.414010003,0.224193695,154.6224123,185.112441,224.7473966,15,15,16
233,>sp|P58317|ZN121_HUMAN,HTGEKPYECKECGKCFTVSSHLVEHVRIHTGEKPYQCKECGRAFAGRSGLT,191.3215253,3.328586156,Random,165,216,52,FALSE,FALSE,FALSE,FALSE,FALSE,-0.506073629,0.119313446,100.5303566,132.4655516,136.4460953,24,19,30
234,>sp|Q14938|NFIX_HUMAN,IDCLRQADKVWRLDLVMVILFKGIPLESTDGERLYKSPQCSNP,176.1049152,3.651556074,Random,116,159,44,FALSE,FALSE,FALSE,FALSE,FALSE,-0.969076149,0.039082105,89.43980943,114.8416853,119.5106783,76,68,82
235,>sp|Q96KN3|PKNX2_HUMAN,TNPDGSINLDNLQSLSSDSATMAMQQAMMAAHDDSLDGTE,202.1877322,8.864611155,Random,393,433,41,FALSE,FALSE,FALSE,FALSE,FALSE,-0.175499168,0.201007986,129.2382381,133.8253915,138.9769945,59,75,64
236,>sp|Q9NP66|HM20A_HUMAN,RQLRKSNMEFEERNAALQKHVESMRTAVEKLEVDVIQERSRNTVLQQHLE,237.3312563,2.772902397,Random,236,286,51,FALSE,FALSE,FALSE,FALSE,FALSE,0.895274966,0.235643131,146.4955828,179.5076694,181.4679442,10,18,17
237,>sp|Q8WTV1|THAP3_HUMAN,PSDHSYALLDLDSLKKKLFLTLKENEKLRKRLQAQRLVMRRMSSRLRACKGHQ,190.475605,9.347533795,Random,174,227,54,FALSE,FALSE,FALSE,FALSE,FALSE,-0.514170574,0.416902518,82.62635207,146.5849222,137.6929684,56,38,39
238,>sp|O43680|TCF21_HUMAN,GVSQEGKQVQRNAANARERARMRVLSKAFSRLKTTLPWVPP,170.0694402,15.57088994,Random,70,111,42,FALSE,FALSE,FALSE,FALSE,FALSE,-1.110605034,0.424067164,111.0540105,107.6241465,87.00759103,14,21,23
239,>sp|Q86UP8|GTD2A_HUMAN,EGNTNSSSVTNSAAGVEDLNIVQVTVPDNEKERLSSIEKIK,197.4943124,17.17199917,Random,289,330,42,FALSE,FALSE,FALSE,FALSE,FALSE,-0.3622154,0.458058534,81.84356942,137.7122854,168.4045098,26,12,32
240,>sp|Q7RTU3|OLIG3_HUMAN,KAAGESSKYKIKKQLSEQDLQQLRLKINGRERKRMHDLNLAMDGLREVMPYAHGPSVRKLSKIATLLLARNYIL,220.4568137,17.31670197,Random,61,135,75,FALSE,FALSE,FALSE,FALSE,FALSE,0.318944453,0.36433784,111.5998401,151.5454921,193.7025363,31,32,17
241,>sp|Q8NAM6|ZSCA4_HUMAN,ECPKVFKYLCHLLAHQRRHRNERPFVCPECQKGFFQISD,172.2897287,3.837857561,Random,315,354,40,FALSE,FALSE,FALSE,FALSE,FALSE,-1.071002865,0.098473303,90.57738941,112.9491448,108.8200793,66,55,89
242,>sp|Q68DE3|USF3_HUMAN,PFSSSSSSGDIQGRNTSPNVSVQKSNPMRITESHATKGHMNPPVTTN,186.4084862,10.86832333,Random,1895,1942,48,FALSE,FALSE,FALSE,FALSE,FALSE,-0.692821932,0.167325844,103.008563,111.3038078,140.3905154,97,89,127
243,>sp|Q02556|IRF8_HUMAN,VFCSGNAVVCKGRPNKLERDEVVQVFDTSQFFRELQQFYNSQGRLP,189.6080936,5.048093857,Random,296,342,47,FALSE,FALSE,FALSE,FALSE,FALSE,-0.514175934,0.331115081,101.2283271,143.8562798,119.2171014,47,40,58
244,>sp|Q9Y2V3|RX_HUMAN,ATALQSLPGFGPPAQSLPASYTPPPPPPPFLNSPPLGPGLQ,220.6281202,7.341560969,Random,253,294,42,FALSE,FALSE,FALSE,FALSE,FALSE,0.363561256,0.105979466,128.2846989,155.7248147,173.3522744,98,81,114
245,>sp|Q8IUE0|TF2LY_HUMAN,DTGRVLALPEHKKKRKGNLPAESVKILRDWMYKHRFKAYPSE,163.2450891,3.892106554,Random,38,80,43,FALSE,FALSE,FALSE,FALSE,FALSE,-1.350705918,0.052009783,80.97826929,102.6212873,101.6131382,462,492,514
246,>sp|Q92784|DPF3_HUMAN,LPFLDSQTGVAQNNCYIWMEKRHRGPGLAPGQLYTYPARCWRKKRRLHPPEDPKLR,194.6725709,18.0237573,Random,38,94,57,FALSE,FALSE,FALSE,FALSE,FALSE,-0.317101639,0.605856774,131.2039042,149.6302097,98.66102638,36,37,31
247,>sp|Q13105|ZBT17_HUMAN,DCGKLFTTSGNLKRHQLVHSGEKPYQCDYCGRSFSDPTSKMRHLETHDTDKEHKCPHCDKKFNQVGNLKAHLKIHI,203.6224718,6.339832408,Random,393,469,77,FALSE,FALSE,FALSE,FALSE,FALSE,-0.146464816,0.135431838,109.5359321,141.8826869,154.9262239,52,46,59
248,>sp|Q9BR84|ZN559_HUMAN,KFYECKACGKPFTESSYLTQHLRTHSRVLPIEHKKFGKAF,,,Random,238,278,41,FALSE,FALSE,FALSE,FALSE,FALSE,,,,,,,,
249,>sp|Q9NR83|S2A4R_HUMAN,TPGKARLDEVMAAAALTSLSTSPLLLGAPVAAFSPEPGLEPWKEA,191.8446899,5.665093622,Random,95,140,46,FALSE,FALSE,FALSE,FALSE,FALSE,-0.501098538,0.011220797,106.0380895,126.7228512,138.2505563,119,131,140
250,>sp|Q15270|NKX11_HUMAN,VPAAPEGAGAARPAAPLRPTSFSVLDILDPNKFNSRRRRCVLLGPVAPA,186.1644155,7.928393966,Random,23,72,50,FALSE,FALSE,FALSE,FALSE,FALSE,-0.60831906,0.434502003,90.30053769,147.8911964,115.7789398,74,61,71
251,>sp|Q9Y2P0|ZN835_HUMAN,ACAKAFRFSSALIRHQRIHTEEKPYRCGQCAKAFAQIAHLTQHRRVHT,158.925839,4.307472878,Random,253,301,49,FALSE,FALSE,FALSE,FALSE,FALSE,-1.485382112,0.039587075,76.8474275,97.08308168,98.3244353,42,36,43
252,>sp|Q96BR6|ZN669_HUMAN,HGSIHTGERPYECKQCGKAFSRLSSLCNHRSTHTGEKPYEC,176.7570407,8.279669151,Random,351,392,42,FALSE,FALSE,FALSE,FALSE,FALSE,-0.962637462,0.128255185,98.65939678,106.4919644,120.5971884,88,95,91
253,>sp|Q06732|ZN33B_HUMAN,NYLGKKSDEFNACGKLLLNIKHDETHTREKNEVLKNRNTL,210.0386756,20.12267047,Random,160,200,41,FALSE,FALSE,FALSE,FALSE,FALSE,-0.0088979,0.43566438,141.4711035,115.7293114,168.3930395,52,35,50
254,>sp|P16220|CREB1_HUMAN,QLPNGQTVQVHGVIQAAQPSVIQSPQVQTVQSSCKDLKR,172.6219447,4.52243031,Random,56,95,40,FALSE,FALSE,FALSE,FALSE,FALSE,-1.063453585,0.095009322,92.04564933,111.8345429,109.4630692,52,50,64
255,>sp|Q3SXZ3|ZN718_HUMAN,PYICEKCGKAFNQSSTLNLHKRIHSAQKYYKCEECGKAFKWSSSLNEHKRIHA,181.8265091,1.554362178,Random,253,306,54,FALSE,FALSE,FALSE,FALSE,FALSE,-0.769580158,0.202341881,93.78230155,129.6971149,117.4775383,50,41,38
256,>sp|Q9BZS1|FOXP3_HUMAN,MQAHLAGKMALTKASSVASSDKGSCCIVAAGSQGPVVPAW,196.3499304,4.065783748,Random,255,295,41,FALSE,FALSE,FALSE,FALSE,FALSE,-0.356284756,0.13392485,104.1252899,137.2747572,143.1271715,155,134,171
257,>sp|Q6P2D0|ZFP1_HUMAN,HRNPDEQARQFLILKNQTPIEERGDLFGKALNLNTDFVS,193.2381886,6.70220839,Random,59,98,40,FALSE,FALSE,FALSE,FALSE,FALSE,-0.401078718,0.335903497,112.00976,144.5404262,118.6418072,72,73,81
258,>sp|P17482|HXB9_HUMAN,EGSEDKERPDQTNPSANWLHARSSRKKRCPYTKYQTLELEKEFLFNM,175.0543386,7.404336637,Random,161,208,48,FALSE,FALSE,FALSE,FALSE,FALSE,-0.963529485,0.248745044,99.00957828,120.3418898,101.2889753,55,61,72
259,>sp|Q13886|KLF9_HUMAN,DYCTLVTIAKSLLDLNKYRPIQTPSVCSDSLESPDEDMGSDSD,155.3195256,8.600460467,Random,55,98,44,FALSE,FALSE,FALSE,FALSE,FALSE,-1.615881084,0.172581179,77.43487915,84.36915853,99.63196676,101,91,96
260,>sp|A6NM28|ZFP92_HUMAN,RGEGPWVADIPRTWATAGLHIGDRTQSKTSTSTQKHSGRQLPGADPQGGKEGQAARSS,190.5002871,22.99063881,Random,67,125,59,FALSE,FALSE,FALSE,FALSE,FALSE,-0.634235055,0.518580999,92.80534125,101.5578478,172.6150998,11,21,26
261,>sp|Q6P3V2|Z585A_HUMAN,SQLLVHQPVHTGEKPYVCAECGKAFSGRSNLSKHQKTHTGEKPYIC,174.7346209,5.674798666,Random,618,664,47,FALSE,FALSE,FALSE,FALSE,FALSE,-0.994860164,0.285617059,74.20786898,126.139883,119.3335383,48,51,51
262,>sp|Q9NP71|MLXPL_HUMAN,PGLEPCPPPPFPPMAPPTALLQEEPLFSPRFPFPTVPPAPGV,219.557673,8.978755,Random,404,446,43,FALSE,FALSE,FALSE,FALSE,FALSE,0.322106112,0.033863928,131.6369931,149.3468337,173.1666196,187,179,200
263,>sp|Q5JUK2|SOLH1_HUMAN,PPLSWPPFSQQQTLPVMSGEALGWLGQAGPLAMGAAPLGEPAKEDPM,177.0751455,3.802930644,Random,239,286,48,FALSE,FALSE,FALSE,FALSE,FALSE,-0.937482255,0.039612576,92.373578,115.4438815,118.8854043,130,128,151
264,>sp|Q9H0W7|THAP2_HUMAN,KRRKEWVRLVRRKNFVPGKHTFLCSKHFEASCFDLTGQTRR,183.1186512,9.188616307,Random,29,70,42,FALSE,FALSE,FALSE,FALSE,FALSE,-0.737990783,0.402801208,75.58246731,138.9816051,130.2693086,20,11,15
265,>sp|Q6ZN32|ETV3L_HUMAN,VRAPPSPHLLLGAPALCRPALVPVGVQSELLHSMLFAHQA,218.037317,10.07306916,Random,133,173,41,FALSE,FALSE,FALSE,FALSE,FALSE,0.317273281,0.295274543,148.7631348,151.3271063,149.4991373,16,25,21
266,>sp|Q9HAW0|BRF2_HUMAN,EVLVGCCVLITCRQHNWPLTMGAICTLLYADLDVFSSTYMQIVKLLGLDVPSLCLAELVKTYCSSFKLFQAS,173.2416308,19.7914432,Random,114,186,73,FALSE,FALSE,FALSE,FALSE,FALSE,-1.038811059,0.533533071,123.5949173,97.68325172,93.92415085,5,13,9
267,>sp|Q99583|MNT_HUMAN,PAPLPSRPQVPTPAPLLPDSKATIPPNGSPKPLQPLPTPVLTIAPHPGVQPQLAPQQ,202.2771813,11.97472961,Random,133,190,58,FALSE,FALSE,FALSE,FALSE,FALSE,-0.213399611,0.172147724,122.1429635,124.4818404,155.6841674,56,57,65
268,>sp|Q15697|ZN174_HUMAN,LQKNCPDPELCRQSFRRFCYQEVSGPQEALSQLRQLCRQWLQPELHT,185.5874278,5.425281216,Random,34,81,48,FALSE,FALSE,FALSE,FALSE,FALSE,-0.651894857,0.218777538,106.5834258,129.6943604,115.9619247,43,36,37
269,>sp|Q8TEK3|DOT1L_HUMAN,SSLKNPKLREEQEAARRRQQRESKSNAATPTKGPEGKVAGPAD,185.4332947,16.65043206,Random,326,369,44,FALSE,FALSE,FALSE,FALSE,FALSE,-0.660823806,0.453634867,129.5358566,115.6929021,106.5485528,43,49,61
270,>sp|O95863|SNAI1_HUMAN,GSQPPSPPSPAPSSFSSTSVSSLEAEAYAAFPGLGQVPKQLAQLSEAK,203.3356642,15.87040576,Random,98,146,49,FALSE,FALSE,FALSE,FALSE,FALSE,-0.195049126,0.350716206,96.21510792,135.5622183,173.7070938,57,62,66
271,>sp|P55347|PKNX1_HUMAN,VAGGTVYQPVTVVTPQGQVVTQTLSPGTIRIQNSQLQLQL,211.7064216,5.585145685,Random,205,245,41,FALSE,FALSE,FALSE,FALSE,FALSE,0.108954872,0.21718821,114.5999221,154.7861976,161.2105725,34,34,46
272,>sp|Q9NTW7|ZF64B_HUMAN,TPKAPVITLPSEAREQMATLGERTFNCCYPGCHFKTVHG,192.5165564,2.409646124,Random,274,313,40,FALSE,FALSE,FALSE,FALSE,FALSE,-0.445260908,0.264971942,99.49340099,142.8880914,130.6456041,2,6,7
273,>sp|Q6NT76|HMBX1_HUMAN,IDLLQRLRRTGMTKHEILHALETLDRLDQEHSDKFGRRSSYG,170.4328328,4.053076453,Random,26,68,43,FALSE,FALSE,FALSE,FALSE,FALSE,-1.118676655,0.256411994,73.45855457,122.1892399,111.1281314,30,43,46
274,>sp|P28360|MSX1_HUMAN,NRRAKAKRLQEAELEKLKMAAKPMLPPAAFGLSFPLGGPAAV,166.4636544,4.031690577,Random,221,263,43,FALSE,FALSE,FALSE,FALSE,FALSE,-1.244835712,0.103100693,85.32643713,107.8698035,101.67215,132,118,144
275,>sp|Q05925|HME1_HUMAN,DGSQPAAAGAGASKAGNPAAAAAAAAAAVAAAAAAAAAKP,193.5320272,17.08505057,Random,180,220,41,FALSE,FALSE,FALSE,FALSE,FALSE,-0.391377311,0.505009711,137.0367805,131.7532658,107.2834627,9,7,8
276,>sp|P0C6A0|ZGLP1_HUMAN,RLGQSPAQDTPVLGPCWDPMALGTQGRLLLDRDSKDTQTR,197.3111605,13.92116262,Random,65,105,41,FALSE,FALSE,FALSE,FALSE,FALSE,-0.30874447,0.37637264,135.9021604,127.6271913,123.8815573,15,14,17
277,>sp|Q9H930|SP14L_HUMAN,AGGGSDLSTRGLNGGVSQVANEMNHLPAHSQSLQRLFTEDQDVDE,223.8269925,11.48227881,Random,1,46,46,FALSE,FALSE,FALSE,FALSE,FALSE,0.454420974,0.182433829,149.4538315,147.1535867,170.3509868,82,91,122
278,>sp|Q7RTU7|SCX_HUMAN,EKPCRVHAARCGLQGARRRAGGRRAGGGGPGGRPGREPRQRHTANARERDR,189.3623021,17.01554934,Random,36,87,52,FALSE,FALSE,FALSE,FALSE,FALSE,-0.548953706,0.459419054,134.1681585,116.7742486,112.6219267,5,4,8
279,>sp|Q8N1G0|ZN687_HUMAN,NRCSFSAHQRMHKNRPPHVCPECGGNFLQANFQTHLREA,159.5100698,6.309429123,Random,715,754,40,FALSE,FALSE,FALSE,FALSE,FALSE,-1.4762142,0.092718746,79.89025649,93.52877025,100.5886101,29,40,18
280,>sp|Q8N2I2|ZN619_HUMAN,RLEKSQLHDTGNKTKIGDCTDLTVQDHESSTTEREEIARKLEESSVSTHLITKQGFAKEQVFYKC,214.8319549,10.7134743,Random,125,190,66,FALSE,FALSE,FALSE,FALSE,FALSE,0.168994729,0.102716704,124.4507399,142.8377092,172.684843,14,16,16
281,>sp|Q86T24|KAISO_HUMAN,TKHEIHHTGERRYQCLACGKSFINYQFMSSHIKSVHSQD,181.5571881,4.426914256,Random,537,576,40,FALSE,FALSE,FALSE,FALSE,FALSE,-0.796908921,0.214331289,84.44793535,128.043447,127.6576093,57,69,38
282,>sp|Q99594|TEAD3_HUMAN,RKKVREYQVGIKAMNLDQVSKDKALQSMASMSSAQIVSASVLQNKFSPPS,176.3994339,6.975403269,Random,98,148,51,FALSE,FALSE,FALSE,FALSE,FALSE,-0.906681486,0.373378497,84.1603847,135.6488091,104.8665354,29,8,14
283,>sp|Q96BR9|ZBT8A_HUMAN,KDANSNGVERSSFYSGGWQEGSSSPRSHLSPEQGTGIISGKSW,186.2838826,10.6775503,Random,137,180,44,FALSE,FALSE,FALSE,FALSE,FALSE,-0.691539622,0.169530003,106.4571902,110.9134531,136.9584318,87,74,94
284,>sp|Q96MR9|ZN560_HUMAN,TKHLRRHSGEKPYECKKCGKAFTERSDLTKHLRRHTGDKP,169.2189054,7.661253449,Random,587,627,41,FALSE,FALSE,FALSE,FALSE,FALSE,-1.197024635,0.109526659,86.08137776,99.93541626,117.1173496,67,56,60
285,>sp|P47902|CDX1_HUMAN,IWFQNRRAKERKVNKKKQQQQQPPQPPMAHDITATPAGPSLGGLCPSNT,162.5113539,2.772252432,Random,199,248,50,FALSE,FALSE,FALSE,FALSE,FALSE,-1.376239918,0.128498825,69.87440872,106.4182815,106.7187989,36,48,53
286,>sp|Q9C0G0|ZN407_HUMAN,NLLGIKRGTSETQRMYMKHLRTQMKTHDAESVLKHLEACSS,183.1302441,5.329994576,Random,444,485,42,FALSE,FALSE,FALSE,FALSE,FALSE,-0.761834575,0.01873089,99.08150058,118.4046856,127.3819737,39,39,49
287,>sp|Q6NUN9|ZN746_HUMAN,FIRKDHLRKHQRNHAAGAKTPARGQPLPTPPAPPDPFKSP,171.533562,10.11862634,Random,574,614,41,FALSE,FALSE,FALSE,FALSE,FALSE,-1.131066598,0.19120365,94.7126984,97.40790044,117.9575146,53,48,57
288,>sp|O75603|GCM2_HUMAN,DFTNKQHGWKPALGKPSLVERTNHGQFQAMATRPYYNPELPCRYLTTPPPGA,189.4989144,1.990982034,Random,324,376,53,FALSE,FALSE,FALSE,FALSE,FALSE,-0.534453863,0.249748456,98.96944458,139.3501342,125.6545918,40,49,46
289,>sp|Q13485|SMAD4_HUMAN,CPIVTVDGYVDPSGGDRFCLGQLSNVHRTEAIERARLHI,185.7304017,7.122427168,Random,344,383,40,FALSE,FALSE,FALSE,FALSE,FALSE,-0.695814677,0.060196851,98.4599791,118.4827203,135.7259332,89,87,78
290,>sp|Q00403|TF2B_HUMAN,AVELDLVPGRSPISVAAAAIYMASQASAEKRTQKEIGDIAGVADVTIRQSYR,198.9590141,20.82154398,Random,238,290,53,FALSE,FALSE,FALSE,FALSE,FALSE,-0.363832462,0.445177309,117.697072,105.5260761,169.1313216,33,26,26
291,>sp|Q01101|INSM1_HUMAN,GGGTCGGDPLLFAPAELKMGTAFSAGAEAARGPGPGPPL,183.8564452,4.896264437,Random,150,189,40,FALSE,FALSE,FALSE,FALSE,FALSE,-0.722548059,0.122634111,103.9920121,122.5151262,120.5396246,120,121,114
292,>sp|Q9H8Y5|ANKZ1_HUMAN,HRTLLQQTQEEEPSTQSSQAVAAPLGPLLDEAKAPGQPELWNALLAACRAGDV,215.619179,6.181363578,Random,454,507,54,FALSE,FALSE,FALSE,FALSE,FALSE,0.218243484,0.055391291,129.4045096,149.6747452,163.2557096,96,79,77
293,>sp|O60304|ZN500_HUMAN,REDAPLRMEWYRVLSARCQGPGHPLPGQRPAPVRGLVRPDQPRGGPPPGRRASHGADKPYTCPECG,178.0232494,12.28596056,Random,265,331,67,FALSE,FALSE,FALSE,FALSE,FALSE,-0.93819223,0.342542147,70.44117052,119.0553184,140.0506868,7,5,6
294,>sp|Q96BF6|NACC2_HUMAN,ANSCGTGIRSSTSDPSRKPLDSRVLNAVKLYCQNFAPSFKESEMNV,185.8267865,0.966359886,Random,389,435,47,FALSE,FALSE,FALSE,FALSE,FALSE,-0.659909449,0.16645109,95.43028551,131.0669678,126.4605337,173,153,187
295,>sp|Q8N5A5|ZGPAT_HUMAN,PFQDPDLSSLQAGSACLAKHQDGLWHAARITDVDNGYYTVKFDSLLLREAVVEG,212.2673803,10.8126871,Random,208,262,55,FALSE,FALSE,FALSE,FALSE,FALSE,0.094992822,0.111311364,130.5551517,136.8895296,164.834887,46,57,62
296,>sp|Q9NRM2|ZN277_HUMAN,VLPEDRILREELQKQRLREILEQQQQERNDTNFHGVCMFCNEEF,228.6292629,7.137942504,Random,138,182,45,FALSE,FALSE,FALSE,FALSE,FALSE,0.615450356,0.116575555,147.8294446,160.362088,173.1736836,74,89,105
297,>sp|P10275|ANDR_HUMAN,GKQKYLCASRNDCTIDKFRRKNCPSCRLRKCYEAGMTLGARKLKKLGNLKLQEEGEASS,191.2010625,11.23006277,Random,589,648,60,FALSE,FALSE,FALSE,FALSE,FALSE,-0.461752191,0.378904803,121.7543193,136.5567747,110.769521,24,26,35
298,>sp|Q9UKD1|GMEB2_HUMAN,STVLGKGSLQAPPASSPASPLLGGYTVLASSGSTYPSTVEIHPDASSLTVLST,209.5206959,11.29494711,Random,406,459,54,FALSE,FALSE,FALSE,FALSE,FALSE,0.008442856,0.19583661,111.3301156,142.0186437,170.6907558,38,35,32
299,>sp|Q99853|FOXB1_HUMAN,SAGMIDSATPISMASGDYSAYGVPLKPLCHAAGQTLPAIPVPIKPTP,214.3048045,8.821043698,Random,220,267,48,FALSE,FALSE,FALSE,FALSE,FALSE,0.168732935,0.071460941,132.8982436,142.6346829,162.8589146,194,184,174
300,>sp|Q13129|RLF_HUMAN,PEVDIPHSSSDSTIHENLTAIPPLIVAETTTVPSLENLRVVLDK,210.4330657,12.35440314,Random,1822,1866,45,FALSE,FALSE,FALSE,FALSE,FALSE,0.029441172,0.200800579,113.0159638,140.3095876,173.4510731,84,89,77
301,>sp|O15266|SHOX_HUMAN,TANHLDACRVAPYVNMGALRMPFQQVQAQLQLEGVAHAH,223.9873691,11.26938051,Random,186,225,40,FALSE,FALSE,FALSE,FALSE,FALSE,0.447317181,0.091478458,140.9259346,148.0740464,178.4395539,27,29,25
302,>sp|Q9Y261|FOXA2_HUMAN,RARDPKTYRRSYTHAKPPYSYISLITMAIQQSPNKMLTL,170.9427348,7.087527824,Random,143,182,40,FALSE,FALSE,FALSE,FALSE,FALSE,-1.098532395,0.200017069,95.61589899,112.5515783,100.1381547,42,53,55
303,>sp|Q6AZW8|ZN660_HUMAN,ISHHRVHTGEKPYSCIECGKAFSRSSNLTQHQRMHRGKKVYKCKECGKTCGSNTKIMDHQRIHTGEKPYEC,209.404579,3.406094456,Random,149,220,72,FALSE,FALSE,FALSE,FALSE,FALSE,0.043698255,0.126584235,122.1405385,148.7173144,152.8333116,49,45,58
304,>sp|Q86YP4|P66A_HUMAN,PTEDDVESKKIKMERGLLASDLNTDGDMRVTPEPGAGPTQGL,183.2748114,13.10103069,Random,18,60,43,FALSE,FALSE,FALSE,FALSE,FALSE,-0.744271652,0.328075549,119.7579041,111.7946532,113.7493043,41,33,36
305,>sp|Q96NB3|ZN830_HUMAN,APIIPHSGSIEKAEIHEKVVERRENTAEALPEGFFDDPEVDARVR,203.8168011,6.966195517,Random,216,261,46,FALSE,FALSE,FALSE,FALSE,FALSE,-0.145482648,0.095280242,111.8442995,139.3244009,155.7591304,62,59,55
306,>sp|P52737|ZN136_HUMAN,HMIKHTGEGPYKCKVCGKPFHSLSPFRIHERTHTGEKPYVCKHCGKAFV,176.2132436,2.702845183,Random,381,430,50,FALSE,FALSE,FALSE,FALSE,FALSE,-0.938161843,0.241970638,83.26529097,127.3858183,113.466049,54,46,47
307,>sp|Q14587|ZN268_HUMAN,LKSQLIVHQRSHTGMKPYVCNECGKAFRSKSYLIIHTRT,170.148592,4.663034479,Random,482,521,40,FALSE,FALSE,FALSE,FALSE,FALSE,-1.134153876,0.113563415,90.22622926,110.4719151,105.2250592,19,33,31
308,>sp|A8MTY0|ZN724_HUMAN,VKDFHKFSNSNRHKTEKNPFKCKECGKSFCVLSHLTQHKR,164.6378707,6.710461426,Random,150,190,41,FALSE,FALSE,FALSE,FALSE,FALSE,-1.317796116,0.107875924,86.69642458,98.5970552,104.09756,61,65,70
309,>sp|Q96SC8|DMTA2_HUMAN,ESFSGSPLARASKEAGGSCPGSAGPGGGGEEDSPGSASPLGSESGSEA,201.8532524,25.64703547,Random,244,292,49,FALSE,FALSE,FALSE,FALSE,FALSE,-0.304428729,0.568582107,108.9612208,105.3360261,186.7399378,40,26,45
310,>sp|P28356|HXD9_HUMAN,GTLSNYYVDSLIGHEGDEVFAARFGPPGPGAQGRPAGVADGPAATAAEFASCSF,223.939591,13.72717076,Random,14,68,55,FALSE,FALSE,FALSE,FALSE,FALSE,0.438333265,0.193321185,146.5427997,142.5050777,178.248323,25,22,43
311,>sp|Q9UIF8|BAZ2B_HUMAN,SLQVKGWMCPEPASEREDLVYFEHKSFTKLCKEHDGEFTGE,198.8029323,11.8911768,Random,1813,1854,42,FALSE,FALSE,FALSE,FALSE,FALSE,-0.31863036,0.236308817,98.73119519,131.8720135,161.2830157,87,76,71
312,>sp|Q8N184|ZN567_HUMAN,KPYKCSECGKCFRQKTNLIVHQRTHTGEKPYVCNECGKSFSYKRN,170.7574006,7.85672714,Random,586,631,46,FALSE,FALSE,FALSE,FALSE,FALSE,-1.152342779,0.177235718,75.06138793,107.5647418,125.1234995,46,57,58
313,>sp|Q8N1L9|BATF2_HUMAN,LGSSPDNPSSALGLARLQSREHKPALSAATWQGLVVDPSPHPLLAFPLLSSAQVH,,,Random,218,273,56,FALSE,FALSE,FALSE,FALSE,FALSE,,,,,,,,
314,>sp|P10243|MYBA_HUMAN,CQFNVSLVLEGKKNTCNGGNSEAVPLTSPNIAKFSTPPAILRKKRKMRVG,,,Random,406,456,51,FALSE,FALSE,FALSE,FALSE,FALSE,,,,,,,,
315,>sp|Q99742|NPAS1_HUMAN,LAPPGDPPPTLLHAGFLPPVVRGLCTPGTIRYGPAELGLVYPHLQRLG,183.1079913,8.712769439,Random,512,560,49,FALSE,FALSE,FALSE,FALSE,FALSE,-0.770250162,0.137712441,105.9820864,112.1150028,126.7043122,129,141,101
316,>sp|Q06945|SOX4_HUMAN,ERLRLKHMADYPDYKYRPRKKVKSGNANSSSSAAASSKPGEKGD,,,Random,112,156,45,FALSE,FALSE,FALSE,FALSE,FALSE,,,,,,0,0,0
317,>sp|P49450|CENPA_HUMAN,TPGPSRRGPSLGASSHQHSRRRQGWLKEIRKLQKSTHLLIRK,169.3890001,10.2130634,Random,22,64,43,FALSE,FALSE,FALSE,FALSE,FALSE,-1.177759654,0.220111066,98.3969742,98.17543476,107.0720188,15,12,13
318,>sp|Q04864|REL_HUMAN,ISSGLSHHASMAPLPSSSWSSVAHPTPRSGNTNPLSSFSTR,224.3515379,18.23369037,Random,393,434,42,FALSE,FALSE,FALSE,FALSE,FALSE,0.452625226,0.400611013,161.90654,135.4371601,171.1883409,15,20,21
319,>sp|Q569K4|Z385B_HUMAN,VKQLSDGQPPPPAQASPSSNSSTGSTCHTTTLPALVRTPT,211.2392959,4.930336157,Random,61,101,41,FALSE,FALSE,FALSE,FALSE,FALSE,0.111884781,0.310375751,112.2863057,160.9248795,155.9841299,17,16,17
320,>sp|Q96JL9|ZN333_HUMAN,EKLYKYNELEKPFNSIEPLFQYQRIHAGEASCECQEIRNSFF,204.6577974,7.603261895,Random,306,348,43,FALSE,FALSE,FALSE,FALSE,FALSE,-0.049862026,0.389291877,124.3860975,156.8090572,128.2556649,5,6,12
321,>sp|P17676|CEBPB_HUMAN,SPYLEPLGAPQAPAPATATDTFEAAPPAPAPAPASSGQHH,204.1476932,4.743497707,Random,75,115,41,FALSE,FALSE,FALSE,FALSE,FALSE,-0.122914568,0.071195024,117.4556041,140.9074133,149.5574897,8,5,7
322,OTX2Cterm,LNQSPASLSTQGYGASSLGFNSTTDCLDYKDQTASWKLNFNADCLDYKDQTSSWKFQVL,218.5180393,25.40768928,Hand_Curated_ADs,231,289,59,FALSE,FALSE,FALSE,FALSE,TRUE,0.211812805,0.533342175,109.3602763,133.9755281,207.695741,6,8,7
323,CRXCterm,AFCSSPSAYGSPSSYFSGLDPYLSPMVPQLGGPALSPLSGPSVGPSLAQSPTSLSGQSYGAYSPVDSLEFKDPTGTWKFTYNPMD,208.7576421,25.24038242,Hand_Curated_ADs,200,284,85,FALSE,FALSE,FALSE,FALSE,TRUE,-0.024464723,0.663214661,162.4005073,110.128622,149.2212245,3,8,7
324,VP16Full,STAPPTDVSLGDELHLDGEDVAMAHADALDDFDLDMLGDGDSPGPGFTPHDSAPYGALDMADFEFEQMFTDALGIDEYGG,229.6150082,31.54211283,Hand_Curated_ADs,411,490,80,FALSE,FALSE,FALSE,FALSE,TRUE,,,77.38090092,205.4000104,201.5415406,2,3,4
325,VP16H1,STAPPTDVSLGDELHLDGEDVAMAHADALDDFDLDMLGDGDSPGPG,256.4147911,15.31974478,Hand_Curated_ADs,411,456,46,FALSE,FALSE,FALSE,FALSE,TRUE,1.435949752,0.300904042,189.3307472,172.9162597,202.4747941,9,14,10
326,VP16MVS N_C (acid blob library fragment,PTDVSLGDELHLDGEDVAMAHADALDDFDLDMLGDGDSP,273.5396747,8.911583549,Hand_Curated_ADs,418,456,39,FALSE,FALSE,FALSE,FALSE,TRUE,1.978175191,0.237845554,197.0072154,202.272098,216.8171383,10,14,13
327,VP16H2,FTPHDSAPYGALDMADFEFEQMFTDALGIDEYGG,280.2443123,6.76636635,Hand_Curated_ADs,457,490,34,FALSE,FALSE,FALSE,FALSE,TRUE,2.198694607,0.328590956,203.0983866,214.7979926,218.3139852,17,14,20
328,Oct4Nterm,MAGHLASDFAFSPPPGGGGDGPGGPEPGWVDPRTWLSFQGPPGGPGIGPGVGPGSEVWGIPPCPPPYEFCGGMAYCGPQVGVGLVPQGGLETSQPEGEAGVGVESNSDGASPEPCTVTPGAVKLEKEKLEQNPEESQ,,,Hand_Curated_ADs,1,137,137,FALSE,FALSE,FALSE,FALSE,TRUE,,,,,,,,
329,Oct4Cterm,SDYAQREDFEAAGSPFSGGPVSFPLAPGPHFGTPGYGSPHFTALYSSVPFPEGEAFPPVSVTTLGSPMHSN,212.1073647,5.960096932,Hand_Curated_ADs,290,360,71,FALSE,FALSE,FALSE,FALSE,TRUE,0.171034931,0.380534137,128.7863885,164.1004273,138.9127057,3,11,4
330,STAT1TAD,SEVHPSRLQTTDNLLPMSPEEFDEVSRIVGSVEFDSMMNTV,245.3880283,22.03859332,Hand_Curated_ADs,710,750,41,FALSE,FALSE,FALSE,FALSE,TRUE,1.086638676,0.518553969,190.9178101,150.4377704,190.2859319,6,11,8
331,STAT3TAD,SNTIDLPMSPRTLDSLMQFGNNGEGAEPSAGGQFESLTFDMELTSE,192.8361207,27.30169213,Hand_Curated_ADs,719,764,46,FALSE,FALSE,FALSE,FALSE,TRUE,-0.572578967,0.653427946,77.47691395,110.3595744,186.1493012,19,8,17
332,STAT4TAD,STIRSDSTEPHSPSDLLPMSPSVYAVLRENLSPTTIETAMKSPYSAE,223.8584197,12.70783924,Hand_Curated_ADs,702,748,47,FALSE,FALSE,FALSE,FALSE,TRUE,0.433162751,0.147276215,130.7543667,150.0060362,186.2922836,73,63,79
333,STAT2TAD,MVSQTVPEPDQGPVSQPVPEPDLPCDLRHLNTEPMEIFRNCVKIEEIMPNGDPLLAGQNTVDEVYVSRPSHFYTDGPLMPSDF,233.9641772,4.806706431,Hand_Curated_ADs,769,851,83,FALSE,FALSE,FALSE,FALSE,TRUE,,,138.8976758,,178.5761275,4,1,4
334,STAT2TAD-NMR,VPEPDLPHDLRHLNTEPMEIFRNSVKIEEIMPNGDPLLAGQNTVDEVYVSRPS,221.8495335,,Hand_Curated_ADs,786,838,53,FALSE,FALSE,FALSE,FALSE,TRUE,,,,,160.5744947,1,1,3
335,p53AD1,MEEPQSDPSVEPPLSQETFSDLWKLLPENNVLSPLPSQAM,213.6358774,14.72027075,Hand_Curated_ADs,1,40,40,FALSE,FALSE,FALSE,FALSE,TRUE,0.123600919,0.314224652,107.5544866,147.1428763,181.6876968,43,40,41
336,p53AD2,DDLMLSPDDIEQWFTEDPGPD,237.0200125,9.109647777,Hand_Curated_ADs,41,61,21,FALSE,FALSE,FALSE,FALSE,TRUE,0.860330839,0.11317307,157.5059653,164.7442395,184.2872604,82,101,102
337,p65Cterm,PGLPNGLLSGDEDFSSIADMDFSALLSQISS,232.3568944,6.295425107,Hand_Curated_ADs,521,551,31,FALSE,FALSE,FALSE,FALSE,TRUE,0.788535891,0.492426086,138.4162873,190.7637809,163.3680425,7,5,10
338,p65Cterm-NMR,GSPGYPNGLLSGDEDFSSIADMDFSALLSQISS,224.7873116,1.554161371,Hand_Curated_ADs,521,551,33,FALSE,FALSE,FALSE,FALSE,TRUE,0.534602169,0.320649558,133.7457521,173.8057343,162.2878758,9,6,12
339,CITED2CITED2_N Acid blob library fragment,TDFIDEEVLMSLVIEMGLDRIKELPELWLGQNEFDFMTD,309.5816931,12.8735675,Hand_Curated_ADs,220,258,39,FALSE,FALSE,FALSE,FALSE,TRUE,3.13705896,0.685476634,243.6829915,253.3963492,227.143166,13,9,8
340,CITED2Cterm,TDFIDEEVLMSLVIEMGLDRIKELPELWLGQNEFDFMTDFVCKQQPSRVS,298.2127665,8.115200886,Hand_Curated_ADs,220,269,50,FALSE,FALSE,FALSE,FALSE,TRUE,,,199.0942035,,246.8767785,3,1,3
341,ETV4Nterm,GSLPPLDSEDLFQDLSHFQETWLAEAQVPDSDEQFVPDFHSE,252.8113823,15.82001207,Hand_Curated_ADs,43,84,42,FALSE,FALSE,FALSE,FALSE,TRUE,1.315285192,0.26767628,182.6242004,167.3317471,203.9556269,21,17,22
342,ETV5/ETV/PEA3/ERMNterm,DLAHDSEELFQDLSQLQEAWLAEAQVPDDEQ,284.8929944,29.00692352,Hand_Curated_ADs,38,68,31,FALSE,FALSE,FALSE,FALSE,TRUE,2.411582209,0.985084505,250.5399312,219.8358223,179.7806574,11,3,10
343,ETV1/ER81Nterm,DLAHDSEELFQDLSQLQETWLAEAQVPDNDEQ,256.2950729,26.51944427,Hand_Curated_ADs,38,69,,FALSE,FALSE,FALSE,FALSE,TRUE,1.355190039,0.508347543,184.3013049,150.1792553,229.8820859,13,11,9
344,Hif1aHif1-AD2_46 Acid blob library fragment,RLLGQSMDESGLPQLTSYDCEVNAPIQGSRNLLQGEELLRALDQVN,279.270923,49.27771246,Hand_Curated_ADs,781,826,46,FALSE,FALSE,FALSE,FALSE,TRUE,1.92537221,1.055922363,173.0981851,149.6263227,310.5656886,6,5,7
345,Hif1aCterm AD2,SDLACRLLGQSMDESGLPQLTSYDCEVNAPIQGSRNLLQGEELLRALDQVN,218.6853426,64.70706323,Hand_Curated_ADs,776,826,51,FALSE,FALSE,FALSE,FALSE,TRUE,0.010762137,1.64746663,92.17925083,75.96771808,283.3864863,3,3,8
346,Hif1aNterm AD1,FKLELVEKLFAEDTEAKNPFSTQDTDLDLEMLAPYIPMDDDFQLR,199.5730136,24.52535401,Hand_Curated_ADs,531,575,45,FALSE,FALSE,FALSE,FALSE,TRUE,-0.323613448,0.628970584,145.7786437,98.39477758,150.0230469,4,9,9
347,NRLNterm,GRPGPPTASLGSTPYSSVPPSPTFSEPGMVGATEGTRPGLEELYWLATLQQQLGAGEALGLSPE,204.5699602,35.07384096,Hand_Curated_ADs,30,93,64,FALSE,FALSE,FALSE,FALSE,TRUE,-0.243519938,0.929439446,149.8929003,80.35734302,178.9370648,6,7,6
348,NRLMinimal,GSTPYSSVPPSPTFSEPGMVGATEGTRPGLEELYW,196.0054446,7.479865611,Hand_Curated_ADs,40,74,35,FALSE,FALSE,FALSE,FALSE,TRUE,-0.357437002,0.17967622,120.997085,130.7010649,131.7956115,22,27,23
349,KMT2A/MLL1/CXXC7Zinc,SDDGNILPSDIMDFVLKNTPSMQALGESPES,263.9306446,10.18142083,Hand_Curated_ADs,2885,2915,31,FALSE,FALSE,FALSE,FALSE,TRUE,1.670749743,0.127745078,183.8377349,189.5377113,213.8939151,31,43,40
350,VDRvitDreceptor,DMMDSSSFSNLDLSEEDSDDPSVTLELSQLSMLPHLADLVSYSI,237.2490206,15.71035329,Hand_Curated_ADs,195,238,44,FALSE,FALSE,FALSE,FALSE,TRUE,,,,163.9398246,195.2151565,1,4,4
351,ATF6alpha,DTDELQLEAANETYENNFDNLDFDLDL,224.2075498,19.92159172,Hand_Curated_ADs,40,66,27,FALSE,FALSE,FALSE,FALSE,TRUE,0.473653021,0.642855718,97.1225066,178.4627361,192.5148342,44,31,34
352,c-MybLC1_N,PAAAAIQRHYNDEDPEKEKRIKELELLLMSTENELKGQQ,270.1257433,7.316282796,Hand_Curated_ADs,,,39,FALSE,FALSE,FALSE,FALSE,TRUE,1.867792188,0.163573831,182.3909587,202.7251021,220.7385966,66,50,46
353,c-Mybfull,PAAAAIQRHYNDEDPEKEKRIKELELLLMSTENELKGQQVLPTQNHTCSYPGW,238.6409292,17.07145562,Hand_Curated_ADs,,,53,FALSE,FALSE,FALSE,FALSE,TRUE,0.882153675,0.325044796,171.1539807,150.8929162,189.3533183,18,7,9
354,PDX-1LC1_N,MNGEEQYYAATQLYKDPCAFQRGPAPEFSASPPACLYMG,215.5124482,11.44169448,Hand_Curated_ADs,,,39,FALSE,FALSE,FALSE,FALSE,TRUE,0.203282411,0.30598611,109.537288,156.3824299,176.0950542,36,59,44
355,PDX1full,MNGEEQYYAATQLYKDPCAFQRGPAPEFSASPPACLYMGRQPPPPPPHPFPGALGALEQGSPPDISPYEVPPLADDPAV,260.560888,22.03203057,Hand_Curated_ADs,,,79,FALSE,FALSE,FALSE,FALSE,TRUE,1.501457405,0.325823921,178.7430144,165.1877755,233.2293015,4,4,6
356,MSG1LC1_N,PAIIDSDPVDEEVLMSLVVELGLDRANELPELWLGQNEF,253.0362743,9.194994236,Hand_Curated_ADs,,,39,FALSE,FALSE,FALSE,FALSE,TRUE,1.338448654,0.111260429,160.7952282,184.7950707,208.9959515,16,19,22
357,MSG1full,PAIIDSDPVDEEVLMSLVVELGLDRANELPELWLGQNEFDFTADFPSSC,228.5561467,46.95507791,Hand_Curated_ADs,,,49,FALSE,FALSE,FALSE,FALSE,TRUE,0.68697205,1.378564619,232.4493996,138.7884073,109.9080607,10,8,8
358,>sp|O43186|CRX_HUMAN,MMAYMNPGPHYSVNALALSGPSVDLMHQAVPYPSAPRKQRRERTTFTRSQ,177.8302457,12.55375571,ChopCRX,0,50,50,FALSE,FALSE,FALSE,FALSE,FALSE,-0.959228047,0.245848074,98.06203018,98.89817894,132.0079555,4,7,12
359,>sp|O43186|CRX_HUMAN,YSVNALALSGPSVDLMHQAVPYPSAPRKQRRERTTFTRSQLEELEALFAK,186.5614274,20.76246202,ChopCRX,10,60,50,FALSE,FALSE,FALSE,FALSE,FALSE,-0.73915535,0.47779446,106.9418744,92.71778551,155.5020496,14,9,18
360,>sp|O43186|CRX_HUMAN,PSVDLMHQAVPYPSAPRKQRRERTTFTRSQLEELEALFAKTQYPDVYARE,169.105583,17.62020201,ChopCRX,20,70,50,FALSE,FALSE,FALSE,FALSE,FALSE,-1.256904274,0.417106737,75.43626966,87.01208351,140.3458234,32,43,43
361,>sp|O43186|CRX_HUMAN,PYPSAPRKQRRERTTFTRSQLEELEALFAKTQYPDVYAREEVALKINLPE,180.9057299,2.254494821,ChopCRX,30,80,50,FALSE,FALSE,FALSE,FALSE,FALSE,-0.795881783,0.199833374,94.62908321,128.3742965,115.1912374,15,14,18
362,>sp|O43186|CRX_HUMAN,RERTTFTRSQLEELEALFAKTQYPDVYAREEVALKINLPESRVQVWFKNR,204.5020773,6.608926887,ChopCRX,40,90,50,FALSE,FALSE,FALSE,FALSE,FALSE,,,107.2283157,158.5283052,,2,3,1
363,>sp|O43186|CRX_HUMAN,LEELEALFAKTQYPDVYAREEVALKINLPESRVQVWFKNRRAKCRQQRQQ,181.4928545,12.34555203,ChopCRX,50,100,50,FALSE,FALSE,FALSE,FALSE,FALSE,-0.849467338,0.258194109,83.42704261,111.9177141,144.6112344,13,8,13
364,>sp|O43186|CRX_HUMAN,TQYPDVYAREEVALKINLPESRVQVWFKNRRAKCRQQRQQQKQQQQPPGG,175.6215124,19.24662659,ChopCRX,60,110,50,FALSE,FALSE,FALSE,FALSE,FALSE,-1.002491378,0.505887408,121.7124471,90.5655682,110.0639493,14,22,18
365,>sp|O43186|CRX_HUMAN,EVALKINLPESRVQVWFKNRRAKCRQQRQQQKQQQQPPGGQAKARPAKRK,218.5954286,23.82441411,ChopCRX,70,120,50,FALSE,FALSE,FALSE,FALSE,FALSE,0.229148954,0.515037268,104.8862659,141.4152579,204.9621893,6,5,3
366,>sp|O43186|CRX_HUMAN,SRVQVWFKNRRAKCRQQRQQQKQQQQPPGGQAKARPAKRKAGTSPRPSTD,177.1713202,22.22288577,ChopCRX,80,130,50,FALSE,FALSE,FALSE,FALSE,FALSE,-0.973113001,0.597005029,126.4579891,84.58719404,115.9462051,5,8,10
367,>sp|O43186|CRX_HUMAN,RAKCRQQRQQQKQQQQPPGGQAKARPAKRKAGTSPRPSTDVCPDPLGISD,224.8039477,45.29153324,ChopCRX,90,140,50,FALSE,FALSE,FALSE,FALSE,FALSE,,,122.8969079,99.43067122,247.5616915,3,4,2
368,>sp|O43186|CRX_HUMAN,QKQQQQPPGGQAKARPAKRKAGTSPRPSTDVCPDPLGISDSYSPPLPGPS,208.6761898,31.61406673,ChopCRX,100,150,50,FALSE,FALSE,FALSE,FALSE,FALSE,-0.117715555,0.727981817,94.31698273,116.9701861,210.2188281,3,11,8
369,>sp|O43186|CRX_HUMAN,QAKARPAKRKAGTSPRPSTDVCPDPLGISDSYSPPLPGPSGSPTTAVATV,229.1367614,41.17657121,ChopCRX,110,160,50,FALSE,FALSE,FALSE,FALSE,FALSE,0.469638084,0.964775423,96.94389978,135.7566766,250.1871353,5,7,4
370,>sp|O43186|CRX_HUMAN,AGTSPRPSTDVCPDPLGISDSYSPPLPGPSGSPTTAVATVSIWSPASESP,226.4625489,17.65132032,ChopCRX,120,170,50,FALSE,FALSE,FALSE,FALSE,FALSE,0.48662543,0.268841458,140.5655879,140.3127202,193.9867663,18,19,19
371,>sp|O43186|CRX_HUMAN,VCPDPLGISDSYSPPLPGPSGSPTTAVATVSIWSPASESPLPEAQRAGLV,220.8532566,28.22444569,ChopCRX,130,180,50,FALSE,FALSE,FALSE,FALSE,FALSE,0.378586465,0.927633558,75.92586274,186.9787929,195.1325416,2,6,7
372,>sp|O43186|CRX_HUMAN,SYSPPLPGPSGSPTTAVATVSIWSPASESPLPEAQRAGLVASGPSLTSAP,275.5035078,37.15344728,ChopCRX,140,190,50,FALSE,FALSE,FALSE,FALSE,FALSE,,,250.9502951,157.3620315,213.6756242,2,2,2
373,>sp|O43186|CRX_HUMAN,GSPTTAVATVSIWSPASESPLPEAQRAGLVASGPSLTSAPYAMTYAPASA,,,ChopCRX,150,200,50,FALSE,FALSE,FALSE,FALSE,FALSE,,,,,,1,1,0
374,>sp|O43186|CRX_HUMAN,SIWSPASESPLPEAQRAGLVASGPSLTSAPYAMTYAPASAFCSSPSAYGS,235.6802654,23.40182924,ChopCRX,160,210,50,FALSE,FALSE,FALSE,FALSE,FALSE,0.854525005,0.672491556,193.1409506,154.9075011,154.469772,6,5,7
375,>sp|O43186|CRX_HUMAN,LPEAQRAGLVASGPSLTSAPYAMTYAPASAFCSSPSAYGSPSSYFSGLDP,198.8956231,1.663793064,ChopCRX,170,220,50,FALSE,FALSE,FALSE,FALSE,FALSE,-0.258357264,0.238021865,106.3979582,146.7035184,139.0628201,50,41,44
376,>sp|O43186|CRX_HUMAN,ASGPSLTSAPYAMTYAPASAFCSSPSAYGSPSSYFSGLDPYLSPMVPQLG,224.798996,19.31591532,ChopCRX,180,230,50,FALSE,FALSE,FALSE,FALSE,FALSE,0.433239349,0.348953958,147.9044658,132.8690389,189.1009107,6,4,11
377,>sp|O43186|CRX_HUMAN,YAMTYAPASAFCSSPSAYGSPSSYFSGLDPYLSPMVPQLGGPALSPLSGP,244.547454,18.26134056,ChopCRX,190,240,50,FALSE,FALSE,FALSE,FALSE,FALSE,1.111601437,0.510025564,190.9805406,165.6562408,172.4830083,3,6,2
378,>sp|O43186|CRX_HUMAN,FCSSPSAYGSPSSYFSGLDPYLSPMVPQLGGPALSPLSGPSVGPSLAQSP,243.3948875,24.7385486,ChopCRX,200,250,50,FALSE,FALSE,FALSE,FALSE,FALSE,1.008868966,0.628911234,115.1329059,182.5924884,227.9366958,10,8,12
379,>sp|O43186|CRX_HUMAN,PSSYFSGLDPYLSPMVPQLGGPALSPLSGPSVGPSLAQSPTSLSGQSYGA,,,ChopCRX,210,260,50,FALSE,FALSE,FALSE,FALSE,FALSE,,,,,,,,
380,>sp|O43186|CRX_HUMAN,YLSPMVPQLGGPALSPLSGPSVGPSLAQSPTSLSGQSYGAYSPVDSLEFK,329.6389428,54.13433819,ChopCRX,220,270,50,FALSE,FALSE,FALSE,FALSE,FALSE,,,174.1586774,,334.6646571,4,1,2
381,>sp|O43186|CRX_HUMAN,GPALSPLSGPSVGPSLAQSPTSLSGQSYGAYSPVDSLEFKDPTGTWKFTY,210.1210806,22.91496077,ChopCRX,230,280,50,FALSE,FALSE,FALSE,FALSE,FALSE,0.04540572,0.735498207,76.7228603,167.7309377,181.3868713,7,3,14
382,>sp|O43186|CRX_HUMAN,SVGPSLAQSPTSLSGQSYGAYSPVDSLEFKDPTGTWKFTYNPMDPLDYKD,214.8476019,26.93006113,ChopCRX,240,290,50,FALSE,FALSE,FALSE,FALSE,FALSE,0.132788666,0.70205476,83.42706452,152.9612535,203.6319151,12,16,15
383,>sp|O43186|CRX_HUMAN,TSLSGQSYGAYSPVDSLEFKDPTGTWKFTYNPMDPLDYKDQSAWKFQIL,203.8471746,18.69242057,ChopCRX,250,300,50,FALSE,FALSE,FALSE,FALSE,FALSE,-0.191992536,0.42118435,93.41828373,133.7661305,179.834537,30,27,35
384,ELF-1,MAAVVQQNDLVFEFASNVMEDERQLGDPAIFPAVIVEHVPGADILNSYAGLACVEEPNDMITESSLDVAEEEIIDDDDDDITLTVEA,166.2639274,8.479663256,Choi_2000_PMID_10821850,0,1,87,FALSE,FALSE,FALSE,FALSE,TRUE,-1.216230025,0.294564995,88.68268773,117.1123714,88.47415064,8,6,8
385,beta-catenin,DLGLDIGAQGEPLGYRQDDPSYRSFHSGGYGQDALGMDPMMEHEMGGHHPGADYPVDGLPDLGHAQDLMDGLPPGDSNQLAWFDTDL,201.616471,24.56817212,Choi_2000_PMID_10821850,0,1,87,FALSE,FALSE,FALSE,FALSE,TRUE,-0.204540289,0.671685776,159.8331854,112.6260985,127.8675565,32,38,47
386,E2F-1,RLSPLVAADSLLEHVREDFSGLLPEEFISLSPPHEALDYHFGLEEGEGIRDLFDCDFGDLTPLDF,215.7026446,18.32926578,Choi_2000_PMID_10821850,0,1,65,FALSE,FALSE,FALSE,FALSE,TRUE,0.218764694,0.465828717,160.3376506,132.4668699,149.7808409,11,9,6
387,c-Jun_2,ETPPLSPIDMESQERIKAER,182.4565017,11.32179764,Choi_2000_PMID_10821850,0,1,20,FALSE,FALSE,FALSE,FALSE,TRUE,-0.817240234,0.211818896,88.35985583,111.7050604,142.7820165,25,29,38
388,HSF-2,EVLSSVDKPIEVDELLDSSLDPEPTQSKLVRLEPLTEAEASEATLFYLCELAPAPLDSDMPLLDS,270.5682441,35.05716963,Choi_2000_PMID_10821850,0,1,65,FALSE,FALSE,FALSE,FALSE,TRUE,,,128.14445,203.6153986,275.4223111,4,3,2
389,PLAG1,DPQIGSLDDGAGDLSLSKSSISISDPLNTPALDFSQLFNFIPLNGPPYNPLSVGSLGMSYSQEEAHSSVSQLPTQTQDLQDP,229.011423,37.12107489,Choi_2000_PMID_10821850,0,1,82,FALSE,FALSE,FALSE,FALSE,TRUE,0.515944678,0.733679678,,129.4795555,213.2002304,1,6,4
390,AML1,SSRLSTAPDLTAFSDPRQFPALPSISDPRMHYPGAFTYSPT,223.4781736,3.604448934,Choi_2000_PMID_10821850,0,1,41,FALSE,FALSE,FALSE,FALSE,TRUE,0.469690511,0.157989069,135.2686674,162.7388358,167.9044451,54,67,53
391,STAT5a,DQAPSPAVCPQAPYNMYPQNPDHVLDQDGEFDLDETMDVARHVEELLRRPMDSLDSRLSPPAGLFTSARGSLS,212.2378038,25.31163805,Choi_2000_PMID_10821850,0,1,73,FALSE,FALSE,FALSE,FALSE,TRUE,0.170051847,0.736529385,173.2615545,138.7038712,120.2254131,2,9,8
392,BSAP(PAX-5),GRDLASTTLPGYPPHVPPAGQGSYSAPTLTGMVPGSEFSGSPYSHPQYSSYNDSW,,,Choi_2000_PMID_10821850,0,1,55,FALSE,FALSE,FALSE,FALSE,TRUE,,,,,,1,1,1
393,ELK-1,IHFWSTLSPIAPRSPAKLSFQFPSSGSAQ,202.9278245,8.790109629,Choi_2000_PMID_10821850,0,1,29,FALSE,FALSE,FALSE,FALSE,TRUE,-0.144630098,0.231540499,130.8658978,136.8312439,136.5637592,69,77,84
394,TEF-1_1,EPSSWSGSESPAENMERMSDSADKPIDNDAEGVWSPDIEQSFQE,242.2095644,32.91952004,Choi_2000_PMID_10821850,0,1,44,FALSE,FALSE,FALSE,FALSE,TRUE,0.885454908,0.673269451,140.2403791,138.6042546,243.2614871,11,10,10
395,TEF-1_2,PGIPRPTFPGAPGFWPGMIQTGQPGSSQDVKPFVQQAYPIQPAVTAPIPGFEPASAPAPSVP,213.2908284,13.52097925,Choi_2000_PMID_10821850,0,1,62,FALSE,FALSE,FALSE,FALSE,TRUE,0.137708885,0.282429309,145.5116214,134.2058517,155.6324396,8,2,7
396,RBTN-2,DPSEEPVDEVLQIPPSLLT,216.5297739,20.17615108,Choi_2000_PMID_10821850,0,1,19,FALSE,FALSE,FALSE,FALSE,TRUE,0.217297706,0.485164503,159.6755018,125.3816672,160.0095803,13,11,19
397,FBP,PDYSAAWAEHYRQQAAYYAQTSPQGMPQHPPAPQGQ,182.031812,14.70043933,Choi_2000_PMID_10821850,0,1,36,FALSE,FALSE,FALSE,FALSE,TRUE,-0.784957719,0.37314,121.51974,107.9783318,112.0747918,14,16,15
398,HSF-1,EKCLSVACLDKNELSDHLDAMDSNLDNLQTMLSSHGFSVDTSALLDLFSPSVTVPDMSLP,176.8077856,7.218288031,Choi_2000_PMID_10821850,0,1,60,FALSE,FALSE,FALSE,FALSE,TRUE,-0.965347412,0.15679557,81.65536379,114.3440262,129.9013943,14,14,17
399,Sox-18(mouse),RRLEPGLLLPGLVQPSAPPEAFAAASGSARSFRELPTLGAEFDGLGLPTPERSPLDGLEPGEASFF,,,Choi_2000_PMID_10821850,0,1,66,FALSE,FALSE,FALSE,FALSE,TRUE,,,,,,1,1,1
400,TREB5|(XBP-1),EAKGNEVRPVAGSAESAALRLRAPLQQVQAQLSPLQNISPWILAVLTLQIQSLISCWAFWTTWTQSCSSNALPQ,235.5268383,50.35233685,Choi_2000_PMID_10821850,0,1,74,FALSE,FALSE,FALSE,FALSE,TRUE,,,76.67911115,153.3181011,272.0607302,2,4,3
401,GHF-1(PIT-1),MSCQAFTSSADTFIPLNSDASATLPLIMHHSAAECLPV,222.6411719,17.37363775,Choi_2000_PMID_10821850,0,1,38,FALSE,FALSE,FALSE,FALSE,TRUE,0.374100915,0.293061105,123.1064012,145.0261155,195.2684266,42,36,48
402,"HNF1(LFB1,TCF-1)",LAMDTYSGPPPGPGPGPALPAHSSPGLPPPALSPSKVH,194.5003921,19.15360339,Choi_2000_PMID_10821850,0,1,38,FALSE,FALSE,FALSE,FALSE,TRUE,-0.324034832,0.620943755,134.8086202,146.8648183,97.30516518,19,21,20
403,"HNF1(LFB1,TCF-1)",STQAQSVPVINSMGSSLTTLQPVQFSQPLHPSYQQPLMPPVQSHVTQSPFMATMAQLQSPHALYSHK,196.1047946,28.54386904,Choi_2000_PMID_10821850,0,1,67,FALSE,FALSE,FALSE,FALSE,TRUE,-0.201594181,0.97642235,128.9698229,176.6191743,78.20281421,8,8,5
404,"HNF1(LFB1,TCF-1)",DTEASSESGLHTPASQATTLHVPSQDPAGIQHLQPAHRLSASPTVSSSSLVLYQSSDSSNGQSHLLPSNHSVIETFISTQMAS,200.9250289,21.71140952,Choi_2000_PMID_10821850,0,1,83,FALSE,FALSE,FALSE,FALSE,TRUE,-0.211599517,0.754485234,68.47121488,165.3865837,164.3947156,7,8,4
405,MRF4|MYF-6,SYFFYLDGENVTLQPLEVAEG,193.4196356,20.21172647,Choi_2000_PMID_10821850,0,1,21,FALSE,FALSE,FALSE,FALSE,TRUE,-0.48553641,0.507549468,136.514197,102.1354458,137.0866915,50,72,70
406,ELK-4,SLTPAFFSQTPIILTPSPLLSSIHFWSTLSPVAPLSPARLQGANTLFQFPS,201.2498533,8.34158889,Choi_2000_PMID_10821850,0,1,51,FALSE,FALSE,FALSE,FALSE,TRUE,-0.215324959,0.268781022,98.78083712,145.0922762,155.3538742,17,18,22
407,PPARalpha,EAGDLESPLSEEFLQEMGNIQEISQSIGED,222.4975993,36.01215987,Choi_2000_PMID_10821850,0,1,30,FALSE,FALSE,FALSE,FALSE,TRUE,0.268744553,0.818337773,123.9834346,111.248095,227.7386957,10,5,12
408,ALL1(HRX),LKSDSDNNNSDDCGNILPSDIMDFVLKNTPSMQALGESPESSSSELLNLGEGLGL,221.3391642,45.85355166,Choi_2000_PMID_10821850,0,1,55,FALSE,FALSE,FALSE,FALSE,TRUE,0.624355749,1.459087754,186.9777545,203.5321496,68.98501588,6,5,4
409,ESX,TSSSSDELSWIIELLEKDGMAFQEALDPGPF,253.7692177,14.01232594,Choi_2000_PMID_10821850,0,1,31,FALSE,FALSE,FALSE,FALSE,TRUE,1.35560061,0.245596305,183.0962218,172.2224759,201.4663829,46,40,52
410,PU.1,VPPPSEDLVPYDTDLYQRQTHEYYPYLSSDGESHSDHYWDFHPHHVHSEFESFAENNFTELQSVQPPQLQQLYRHMEL,219.179223,23.4732489,Choi_2000_PMID_10821850,0,1,78,FALSE,FALSE,FALSE,FALSE,TRUE,0.447575969,1.012880088,99.10723651,211.1715126,142.7363474,4,6,4
411,GlucocorticoidReceptor_2,PQLTPTLVSLLEVIEPEVLYAGYDSSVPDST,233.1064374,20.78311524,Choi_2000_PMID_10821850,0,1,31,FALSE,FALSE,FALSE,FALSE,TRUE,0.671896595,0.34553972,136.9896504,147.0145287,210.7925606,20,21,23
412,ERM,MDGFYDQQVPFMVPGKSRSEECRGRPVIDRKRKFLDTDLAHDSEELFQDLSQLQEAWLAEAQVPDDEQFVPD,254.7840261,5.013299676,Choi_2000_PMID_10821850,0,1,72,FALSE,FALSE,FALSE,FALSE,TRUE,,,,206.8560177,187.3689743,1,2,3
413,CREB_Qrich,ITTVTVPTPIYQTSSGQYIAITQGGAIQLANNGTDGVQGLQTLTMTNAAATQPGTTILQYAQTTDGQQILVPSNQVVVQAASGDVQTY,195.2046725,15.15146648,Choi_2000_PMID_10821850,0,1,88,FALSE,FALSE,FALSE,FALSE,TRUE,-0.43698684,0.304727896,121.9853754,110.8483733,148.2576963,6,5,12
414,NF-E2,MSPCPPQQSRNRVIQLSTSELGEMELTWQEIMSITELQGLNAPSEPSFEPQAPAPYLGPPPPTTYCPCSIHPDSGFPLPP,270.798481,,Choi_2000_PMID_10821850,0,1,80,FALSE,FALSE,FALSE,FALSE,TRUE,,,,,209.5234423,1,1,4
415,IRF-1,NVDGKGYLLNEPGVQPTSVYGDFSCKEEPEIDSPGGDIGLSLQRVFTDLKN,141.8599185,1.627589677,Choi_2000_PMID_10821850,0,1,51,FALSE,FALSE,FALSE,FALSE,TRUE,,,50.68702402,,82.57826185,3,0,4
416,OCT2|OTF-2_1,TGSQLAGDIQQLLQLQQLVLVPGHHLQPPAQFLLPQAQQSQP,249.578491,33.27407745,Choi_2000_PMID_10821850,0,1,42,FALSE,FALSE,FALSE,FALSE,TRUE,1.456946086,1.356302858,156.9419208,254.7935748,132.4774049,8,2,5
417,OCT2|OTF-2_2,PPPATTNSTNPSPQGSHSAIGLSGLNPSTGPGLWWNPAPYQP,224.1559523,12.89148239,Choi_2000_PMID_10821850,0,1,42,FALSE,FALSE,FALSE,FALSE,TRUE,0.441246569,0.151248947,130.9691996,150.0341833,186.9419016,27,32,24
418,SMAD4(rat),PYTPNLPHHQNGHLQHHPPMPPHPGHYWPVHNELAFQPPISNHPAPEY,221.6416625,9.682902988,Choi_2000_PMID_10821850,0,1,48,FALSE,FALSE,FALSE,FALSE,TRUE,0.383184159,0.041099757,136.682272,149.0953561,174.624787,49,47,65
419,cbl2_Seipel_1992_A,LGTPAAASTLCEPTPQDHIKVTQEQYELYCEMGSTFQLCKICAE,206.3425057,15.84855728,Controls,0,1,44,FALSE,FALSE,FALSE,TRUE,FALSE,-0.080289115,0.456532077,90.37259977,150.9987433,173.1336014,20,15,17
420,cbl2_Seipel_1992_B,NDKDVKIEPCGHLMCTSCLTSWQESEGQGCPFCRCEIKGTEPIV,164.7017625,12.28585613,Controls,0,1,44,FALSE,FALSE,FALSE,TRUE,FALSE,-1.349993175,0.273417671,89.27315344,86.12277764,114.186784,12,11,14
421,cbl2_Seipel_1992_C,VDPFDPRGSGSLLRQGAEGAPSPNYDDDDDERADDTLFMGSS,217.5790875,10.09740388,Controls,0,1,42,FALSE,FALSE,FALSE,TRUE,FALSE,0.288246094,0.237773649,146.6045978,146.8385113,154.771581,12,26,43
422,Nucleolin_Seipel_1992_A,LGTPAAASTQFRIEPAAMKAAAAAPASEDEDDEDDEDDEDD,197.13793,9.340501923,Controls,0,1,41,FALSE,FALSE,FALSE,TRUE,FALSE,-0.34142989,0.299079771,92.45131024,141.8022572,152.6376502,35,27,38
423,Nucleolin_Seipel_1992_B,DDDEEDDSEEEAMETTPAKGKKAAKVVPVKAKNVAEDEDEE,,,Controls,0,1,41,FALSE,FALSE,FALSE,TRUE,FALSE,,,,,,0,0,0
424,Nucleolin_Seipel_1992_C,EDDEDEDDDDDEDDEDDDDEDDEEEEEEEEEEPVKEAPGL,157.2112893,1.738357288,Controls,0,1,40,FALSE,FALSE,FALSE,TRUE,FALSE,,,,101.0142237,98.06529478,0,2,2
425,DEs,DEDEDEDEDEDEDEDEDEDEDEDEDEDEDEDEDEDEDEDE,234.5898415,,Controls,0,1,40,FALSE,FALSE,FALSE,TRUE,FALSE,,,,180.5218201,,0,2,1
426,Ds,DDDDDDDDDDDDDDDDDDDDDDDDDDDDDDDDDDDDDDDD,221.9887182,21.57894397,Controls,0,1,40,FALSE,FALSE,FALSE,TRUE,FALSE,0.426852251,0.760133184,89.86031083,185.7213478,185.8619235,10,3,9
427,Es,EEEEEEEEEEEEEEEEEEEEEEEEEEEEEEEEEEEEEEEE,214.8600754,26.06911178,Controls,0,1,40,FALSE,FALSE,FALSE,TRUE,FALSE,0.097102655,0.585000986,141.5025628,109.8572931,188.6977977,4,7,7
428,Ps,PPPPPPPPPPPPPPPPPPPPPPPPPPPPPPPPPPPPPPPP,203.0859607,20.00190796,Controls,0,1,40,FALSE,FALSE,FALSE,TRUE,FALSE,-0.192549964,0.489017786,145.4505435,111.9396364,147.3451297,39,33,63
429,DWs,DWDWDWDWDWDWDWDWDWDWDWDWD,234.8210188,2.537863858,Controls,0,1,25,FALSE,FALSE,FALSE,FALSE,TRUE,0.821933509,0.255981087,142.6755818,178.6687862,178.596116,96,78,90
430,DFs,DFDFDFDFDFDFDFDFDFDFDFDFD,243.6681505,1.963449392,Controls,0,1,25,FALSE,FALSE,FALSE,FALSE,TRUE,1.092589751,0.278373355,152.7020887,187.464942,186.3148484,19,29,20
431,VP16_7As,PTDVSAGDEAHADGEDVAMAHADAADDADADMAGDGDSP,,,Controls,0,1,39,FALSE,FALSE,FALSE,TRUE,FALSE,,,,,,0,1,1
432,VP16_F442A,PTDVSLGDELHLDGEDVAMAHADALDDADLDMLGDGDSP,232.5605006,18.34375657,Controls,0,1,39,FALSE,FALSE,FALSE,TRUE,FALSE,,,120.9145665,,193.7518836,2,1,3
433,HIF1a_AD2_46_RK>D,DLLGQSMDESGLPQLTSYDCEVNAPIQGSDNLLQGEELLDALDQVN,243.0594173,14.36057572,Controls,0,1,46,FALSE,FALSE,FALSE,FALSE,TRUE,1.007849048,0.123328757,155.1648164,163.500597,205.990266,12,11,9
434,HIF1a_AD2_46_QN>Emut7to29,RLLGQSMDESGLPELTSYDCEVEAPIEGSRNLLQGEELLRALDQVN,325.1729896,7.307922072,Controls,0,1,46,FALSE,FALSE,FALSE,FALSE,TRUE,,,,262.1546281,272.848291,1,2,4
435,CITED2_L2A,TDFIDEEVAMSAVIEMGADRIKEAPEAWAGQNEFDFMTD,,,Controls,0,1,39,FALSE,FALSE,FALSE,TRUE,FALSE,,,,,,,,
436,CITED2_LWF2A,TDAIDEEVAMSAVIEMGADRIKEAPEAAAGQNEADAMTD,213.3222653,72.92436383,Controls,0,1,39,FALSE,FALSE,FALSE,TRUE,FALSE,,,213.4564936,69.94050329,,3,4,0
437,p53_AD1_RS,MEEPQSDPSVEPPLSQETFSDRSKLLPENNVLSPLPSQAM,211.3165914,5.182012305,Controls,0,1,40,FALSE,FALSE,FALSE,TRUE,FALSE,0.091617887,0.084389437,122.8733474,147.9276045,158.6262496,67,71,81
438,p53_AD1_3xA,MEEPQSDPSVEPPLSQETASDAAKLLPENNVLSPLPSQAM,207.5545352,9.934385937,Controls,0,1,40,FALSE,FALSE,FALSE,TRUE,FALSE,-0.025233126,0.324217932,101.5047751,152.8319662,163.8042918,38,72,64
439,p53_AD1_5xA,MEEPQSDPSVEPPLSQETASDAAKAAPENNVLSPLPSQAM,212.1111071,2.315951399,Controls,0,1,40,FALSE,FALSE,FALSE,TRUE,FALSE,0.155223354,0.307240451,123.5112761,161.7330527,146.5664199,30,32,27
440,p53_AD2_3xA,DDLMLSPDDAEQAATEDPGPD,207.0238339,3.744839571,Controls,0,1,21,FALSE,FALSE,FALSE,TRUE,FALSE,-0.023533891,0.139882688,123.6148942,145.9356938,146.998341,480,481,537
441,p53_AD2_5xA,DDAMASPDDAEQAATEDPGPD,196.4468604,5.997808958,Controls,0,1,21,FALSE,FALSE,FALSE,TRUE,FALSE,-0.360438525,0.035292597,112.8542656,130.3923991,141.571344,191,204,221
442,p53_AD2_QS,DDLMLSPDDIEQQSTEDPGPD,208.4521416,7.476054899,Controls,0,1,21,FALSE,FALSE,FALSE,TRUE,FALSE,-0.004318393,0.157179294,112.5626824,146.1672895,162.1038804,176,176,183
,No AD,No AD,200,,,,,,,,,,,,,200,200,200,,,