,Gene,Ensembl,RNA tissue specificity,RNA tissue distribution,RNA tissue specificity score,RNA tissue specific nTPM,RNA single cell type specificity,RNA single cell type distribution,RNA single cell type specificity score,RNA single cell type specific nTPM,RNA single nuclei brain specificity,RNA single nuclei brain distribution,RNA single nuclei brain specificity score,RNA single nuclei brain specific nTPM,TAU score - Tissue,TAU score - Blood,TAU score - Brain,TAU score - Single Cell Type,TAU score - Single nuclei brain
0,POLR2J,ENSG00000005075,Low tissue specificity,Detected in all,,,Cell type enhanced,Detected in all,,{'Oocytes': '679.3'},,,,,0.24,0.11,0.05,0.31,Not available
0,CREBBP,ENSG00000005339,Low tissue specificity,Detected in all,,,Low cell type specificity,Detected in all,,,Low cell type specificity,Detected in all,,,0.27,0.58,0.09,0.24,0.13
0,PAF1,ENSG00000006712,Low tissue specificity,Detected in all,,,Low cell type specificity,Detected in all,,,Low cell type specificity,Detected in all,,,0.14,0.10,0.05,0.28,0.28
0,MED24,ENSG00000008838,Low tissue specificity,Detected in all,,,Cell type enhanced,Detected in all,,"{'Basal respiratory cells': '193.3', 'Ionocytes': '220.2'}",Low cell type specificity,Detected in all,,,0.22,0.26,0.05,0.48,0.08
0,ELOA,ENSG00000011007,Low tissue specificity,Detected in many,,,Low cell type specificity,Detected in all,,,Low cell type specificity,Detected in all,,,0.26,0.18,0.05,0.28,0.12
0,DPF1,ENSG00000011332,Tissue enriched,Detected in some,13,{'brain': '33.4'},Cell type enhanced,Detected in some,,"{'Bipolar cells': '13.0', 'Early spermatids': '16.9', 'Excitatory neurons': '23.7', 'Horizontal cells': '27.1', 'Inhibitory neurons': '15.6', 'Late spermatids': '27.7', 'Oligodendrocyte precursor cells': '11.8', 'Spermatogonia': '10.6'}",Low cell type specificity,Detected in many,,,0.92,Not detected,0.26,0.82,0.32
0,MNAT1,ENSG00000020426,Low tissue specificity,Detected in all,,,Cell type enhanced,Detected in all,,"{'Excitatory neurons': '352.9', 'Inhibitory neurons': '214.3', 'Oligodendrocyte precursor cells': '184.4'}",Low cell type specificity,Detected in all,,,0.30,0.32,0.06,0.40,0.09
0,BRD9,ENSG00000028310,Low tissue specificity,Detected in all,,,Low cell type specificity,Detected in all,,,Low cell type specificity,Detected in all,,,0.25,0.29,0.05,0.27,0.16
0,ARID4A,ENSG00000032219,Low tissue specificity,Detected in all,,,Low cell type specificity,Detected in all,,,Low cell type specificity,Detected in all,,,0.37,0.30,0.10,0.18,0.08
0,MED17,ENSG00000042429,Low tissue specificity,Detected in many,,,Cell type enhanced,Detected in many,,{'Rod photoreceptor cells': '49.4'},Low cell type specificity,Detected in all,,,0.36,0.25,0.17,0.39,0.11
0,POLR2B,ENSG00000047315,Low tissue specificity,Detected in all,,,Low cell type specificity,Detected in all,,,Low cell type specificity,Detected in all,,,0.16,0.20,0.08,0.23,0.16
0,ARID1B,ENSG00000049618,Low tissue specificity,Detected in all,,,Cell type enhanced,Detected in all,,"{'Inhibitory neurons': '455.0', 'Oligodendrocytes': '468.8'}",Low cell type specificity,Detected in all,,,0.20,0.39,0.08,0.29,0.07
0,ARID4B,ENSG00000054267,Low tissue specificity,Detected in all,,,Cell type enhanced,Detected in all,,{'Late spermatids': '543.4'},Low cell type specificity,Detected in all,,,0.28,0.23,0.09,0.29,0.10
0,MED29,ENSG00000063322,Low tissue specificity,Detected in all,,,Low cell type specificity,Detected in all,,,Low cell type specificity,Detected in all,,,0.23,0.14,0.05,0.27,0.13
0,CDK13,ENSG00000065883,Low tissue specificity,Detected in all,,,Low cell type specificity,Detected in all,,,Low cell type specificity,Detected in all,,,0.23,0.39,0.07,0.29,0.07
0,SMARCD1,ENSG00000066117,Low tissue specificity,Detected in all,,,Low cell type specificity,Detected in all,,,Low cell type specificity,Detected in all,,,0.21,0.28,0.05,0.28,0.15
0,AFF4,ENSG00000072364,Low tissue specificity,Detected in all,,,Low cell type specificity,Detected in all,,,Low cell type specificity,Detected in all,,,0.19,0.46,0.04,0.22,0.10
0,SMARCE1,ENSG00000073584,Low tissue specificity,Detected in all,,,Low cell type specificity,Detected in all,,,Low cell type specificity,Detected in all,,,0.17,0.08,0.07,0.20,0.21
0,ACTB,ENSG00000075624,Low tissue specificity,Detected in all,,,Cell type enhanced,Detected in all,,"{'Extravillous trophoblasts': '13764.8', 'Hofbauer cells': '15165.3'}",Cell type enhanced,Detected in all,,{'vascular associated smooth muscle cell': '2209.7'},0.15,0.12,0.06,0.23,0.28
0,ACTL6B,ENSG00000077080,Group enriched,Detected in some,8,"{'brain': '52.2', 'pituitary gland': '14.9'}",Group enriched,Detected in some,4,"{'Cone photoreceptor cells': '11.9', 'Excitatory neurons': '21.3', 'Horizontal cells': '12.0', 'Inhibitory neurons': '18.2'}",Low cell type specificity,Detected in many,,,0.94,Not detected,0.25,0.92,0.31
0,UBE2A,ENSG00000077721,Low tissue specificity,Detected in all,,,Cell type enhanced,Detected in all,,{'Syncytiotrophoblasts': '584.3'},Low cell type specificity,Detected in all,,,0.17,0.15,0.05,0.37,0.21
0,MLLT10,ENSG00000078403,Tissue enhanced,Detected in all,,{'testis': '90.2'},Cell type enhanced,Detected in all,,"{'Excitatory neurons': '194.5', 'Inhibitory neurons': '162.6', 'Spermatocytes': '218.8'}",Low cell type specificity,Detected in all,,,0.37,0.30,0.11,0.37,0.06
0,SMARCA2,ENSG00000080503,Low tissue specificity,Detected in all,,,Low cell type specificity,Detected in all,,,Low cell type specificity,Detected in all,,,0.23,0.27,0.06,0.27,0.12
0,SMARCD3,ENSG00000082014,Tissue enhanced,Detected in all,,"{'brain': '148.4', 'skeletal muscle': '124.0'}",Cell type enhanced,Detected in many,,"{'Cardiomyocytes': '60.9', 'Peritubular cells': '75.7', 'Skeletal myocytes': '73.2'}",Low cell type specificity,Detected in all,,,0.40,0.81,0.11,0.54,0.15
0,CCNT2,ENSG00000082258,Low tissue specificity,Detected in all,,,Low cell type specificity,Detected in all,,,Low cell type specificity,Detected in all,,,0.20,0.35,0.12,0.30,0.08
0,KAT6A,ENSG00000083168,Low tissue specificity,Detected in all,,,Low cell type specificity,Detected in all,,,Low cell type specificity,Detected in all,,,0.30,0.50,0.08,0.27,0.19
0,NCOA1,ENSG00000084676,Low tissue specificity,Detected in all,,,Cell type enhanced,Detected in all,,"{'Astrocytes': '443.4', 'Excitatory neurons': '302.4', 'Inhibitory neurons': '404.0', 'Microglial cells': '326.5', 'Oligodendrocyte precursor cells': '431.1', 'Oligodendrocytes': '284.7'}",Low cell type specificity,Detected in all,,,0.24,0.44,0.06,0.43,0.11
0,HUWE1,ENSG00000086758,Low tissue specificity,Detected in all,,,Low cell type specificity,Detected in many,,,Low cell type specificity,Detected in all,,,0.19,0.22,0.03,0.26,0.07
0,ATXN7L3,ENSG00000087152,Low tissue specificity,Detected in all,,,Low cell type specificity,Detected in all,,,Low cell type specificity,Detected in all,,,0.29,0.39,0.11,0.38,0.25
0,CCNK,ENSG00000090061,Tissue enhanced,Detected in all,,{'bone marrow': '101.0'},Low cell type specificity,Detected in all,,,Low cell type specificity,Detected in all,,,0.34,0.27,0.08,0.27,0.20
0,SUPT16H,ENSG00000092201,Low tissue specificity,Detected in all,,,Low cell type specificity,Detected in all,,,Low cell type specificity,Detected in all,,,0.17,0.07,0.09,0.25,0.13
0,SETD1A,ENSG00000099381,Low tissue specificity,Detected in all,,,Low cell type specificity,Detected in many,,,Low cell type specificity,Detected in all,,,0.26,Not detected,0.08,0.39,0.08
0,BCL7C,ENSG00000099385,Low tissue specificity,Detected in all,,,Cell type enhanced,Detected in all,,{'Lymphatic endothelial cells': '184.7'},Low cell type specificity,Detected in all,,,0.20,0.21,0.04,0.32,0.18
0,POLR2E,ENSG00000099817,Low tissue specificity,Detected in all,,,Cell type enhanced,Detected in all,,{'Oocytes': '391.1'},Low cell type specificity,Detected in all,,,0.25,0.16,0.06,0.29,0.14
0,MED15,ENSG00000099917,Low tissue specificity,Detected in all,,,Low cell type specificity,Detected in all,,,Low cell type specificity,Detected in all,,,0.21,0.23,0.06,0.24,0.12
0,SMARCB1,ENSG00000099956,Low tissue specificity,Detected in many,,,Cell type enhanced,Detected in all,,"{'Extravillous trophoblasts': '251.4', 'Oocytes': '289.7'}",Low cell type specificity,Detected in all,,,0.29,0.34,0.26,0.31,0.12
0,POLR2F,ENSG00000100142,Low tissue specificity,Detected in all,,,Low cell type specificity,Detected in all,,,Group enriched,Detected in all,9,"{'committed oligodendrocyte precursor': '496.5', 'oligodendrocyte': '726.2'}",0.18,0.09,0.13,0.23,0.44
0,EP300,ENSG00000100393,Low tissue specificity,Detected in all,,,Low cell type specificity,Detected in all,,,Low cell type specificity,Detected in all,,,0.33,0.58,0.09,0.30,0.14
0,NELFCD,ENSG00000101158,Low tissue specificity,Detected in all,,,Low cell type specificity,Detected in all,,,Low cell type specificity,Detected in all,,,0.10,0.14,0.06,0.29,0.09
0,SMARCA1,ENSG00000102038,Low tissue specificity,Detected in many,,,Cell type enhanced,Detected in many,,{'Leydig cells': '140.4'},Low cell type specificity,Detected in all,,,0.28,0.88,0.15,0.41,0.25
0,SUPT20H,ENSG00000102710,Tissue enhanced,Detected in all,,{'testis': '55.0'},Cell type enhanced,Detected in all,,"{'Early spermatids': '203.9', 'Spermatocytes': '278.1'}",Low cell type specificity,Detected in all,,,0.38,0.13,0.08,0.42,0.11
0,POLR2C,ENSG00000102978,Low tissue specificity,Detected in all,,,Low cell type specificity,Detected in all,,,Low cell type specificity,Detected in all,,,0.12,0.14,0.04,0.23,0.12
0,MAZ,ENSG00000103495,Low tissue specificity,Detected in all,,,Low cell type specificity,Detected in many,,,Low cell type specificity,Detected in some,,,0.20,0.22,0.06,0.29,0.57
0,KAT8,ENSG00000103510,Low tissue specificity,Detected in all,,,Cell type enhanced,Detected in all,,{'Late spermatids': '155.1'},Low cell type specificity,Detected in all,,,0.18,0.49,0.11,0.36,0.09
0,INTS9,ENSG00000104299,Low tissue specificity,Detected in all,,,Cell type enhanced,Detected in all,,"{'Astrocytes': '27.2', 'Excitatory neurons': '28.5', 'Inhibitory neurons': '30.0', 'Oligodendrocyte precursor cells': '30.2', 'Oligodendrocytes': '37.1'}",Low cell type specificity,Detected in all,,,0.25,0.15,0.14,0.51,0.11
0,INTS10,ENSG00000104613,Low tissue specificity,Detected in all,,,Low cell type specificity,Detected in all,,,Low cell type specificity,Detected in all,,,0.15,0.11,0.04,0.22,0.09
0,ERCC2,ENSG00000104884,Low tissue specificity,Detected in all,,,Cell type enhanced,Detected in many,,"{'Oocytes': '64.7', 'Spermatocytes': '30.5'}",Low cell type specificity,Detected in all,,,0.24,0.31,0.05,0.55,0.15
0,DOT1L,ENSG00000104885,Tissue enhanced,Detected in all,,{'testis': '63.1'},Low cell type specificity,Detected in all,,,Low cell type specificity,Detected in all,,,0.45,Not detected,0.08,0.37,0.24
0,MED25,ENSG00000104973,Low tissue specificity,Detected in all,,,Cell type enhanced,Detected in all,,{'Late spermatids': '108.4'},Low cell type specificity,Detected in all,,,0.27,0.63,0.11,0.37,0.27
0,MED26,ENSG00000105085,Tissue enhanced,Detected in all,,{'testis': '34.9'},Cell type enhanced,Detected in all,,"{'dendritic cells': '59.3', 'Early spermatids': '73.4', 'Late spermatids': '64.1', 'Spermatocytes': '46.4'}",Not detected,Not detected,,,0.56,0.69,0.04,0.51,Not detected
0,ELL,ENSG00000105656,Low tissue specificity,Detected in all,,,Cell type enhanced,Detected in all,,"{'Early spermatids': '171.8', 'Late spermatids': '298.0', 'Syncytiotrophoblasts': '76.1'}",Low cell type specificity,Detected in all,,,0.36,0.50,0.13,0.56,0.30
0,BCL7B,ENSG00000106635,Low tissue specificity,Detected in all,,,Low cell type specificity,Detected in all,,,Low cell type specificity,Detected in all,,,0.29,0.14,0.07,0.27,0.16
0,INTS2,ENSG00000108506,Low tissue specificity,Detected in many,,,Cell type enhanced,Detected in many,,{'Oligodendrocytes': '34.7'},Low cell type specificity,Detected in all,,,0.33,0.47,0.09,0.46,0.15
0,MED13,ENSG00000108510,Low tissue specificity,Detected in all,,,Low cell type specificity,Detected in all,,,Low cell type specificity,Detected in all,,,0.28,0.47,0.05,0.24,0.08
0,MED31,ENSG00000108590,Low tissue specificity,Detected in all,,,Low cell type specificity,Detected in all,,,Low cell type specificity,Detected in all,,,0.18,0.25,0.09,0.27,0.11
0,SMARCD2,ENSG00000108604,Low tissue specificity,Detected in all,,,Low cell type specificity,Detected in many,,,Low cell type specificity,Detected in all,,,0.22,0.24,0.10,0.29,0.35
0,KAT2A,ENSG00000108773,Low tissue specificity,Detected in all,,,Cell type enhanced,Detected in many,,{'Astrocytes': '80.2'},Low cell type specificity,Detected in all,,,0.30,Not detected,0.08,0.43,0.25
0,SUPT6H,ENSG00000109111,Low tissue specificity,Detected in all,,,Low cell type specificity,Detected in all,,,Low cell type specificity,Detected in all,,,0.19,0.42,0.04,0.23,0.09
0,GTF2H1,ENSG00000110768,Low tissue specificity,Detected in all,,,Low cell type specificity,Detected in all,,,Low cell type specificity,Detected in all,,,0.18,0.29,0.15,0.30,0.12
0,BCL7A,ENSG00000110987,Low tissue specificity,Detected in all,,,Cell type enhanced,Detected in many,,{'dendritic cells': '74.6'},Low cell type specificity,Detected in all,,,0.44,0.86,0.18,0.41,0.19
0,CCNC,ENSG00000112237,Low tissue specificity,Detected in all,,,Low cell type specificity,Detected in all,,,Low cell type specificity,Detected in all,,,0.19,0.16,0.12,0.27,0.09
0,MED23,ENSG00000112282,Low tissue specificity,Detected in all,,,Cell type enhanced,Detected in all,,"{'Excitatory neurons': '69.5', 'Inhibitory neurons': '64.3'}",Low cell type specificity,Detected in all,,,0.23,0.32,0.14,0.39,0.07
0,KAT2B,ENSG00000114166,Low tissue specificity,Detected in all,,,Cell type enhanced,Detected in many,,"{'Astrocytes': '156.7', 'Oligodendrocyte precursor cells': '392.4', 'Oligodendrocytes': '163.3'}",Cell type enhanced,Detected in all,,{'oligodendrocyte precursor cell': '887.0'},0.28,0.50,0.05,0.60,0.40
0,INO80B,ENSG00000115274,Low tissue specificity,Detected in all,,,Low cell type specificity,Detected in many,,,Low cell type specificity,Detected in all,,,0.16,0.31,0.03,0.50,0.29
0,RBBP5,ENSG00000117222,Low tissue specificity,Detected in all,,,Low cell type specificity,Detected in all,,,Low cell type specificity,Detected in all,,,0.19,0.33,0.07,0.22,0.12
0,ARID1A,ENSG00000117713,Low tissue specificity,Detected in all,,,Low cell type specificity,Detected in all,,,Low cell type specificity,Detected in all,,,0.24,0.36,0.12,0.18,0.17
0,KMT2A,ENSG00000118058,Low tissue specificity,Detected in all,,,Low cell type specificity,Detected in all,,,Low cell type specificity,Detected in all,,,0.31,0.43,0.10,0.30,0.05
0,MED28,ENSG00000118579,Low tissue specificity,Detected in all,,,Low cell type specificity,Detected in all,,,Low cell type specificity,Detected in all,,,0.18,0.20,0.05,0.28,0.10
0,SUPT7L,ENSG00000119760,Low tissue specificity,Detected in all,,,Low cell type specificity,Detected in all,,,Low cell type specificity,Detected in all,,,0.14,0.19,0.08,0.26,0.08
0,BCL11A,ENSG00000119866,Tissue enhanced,Detected in many,,"{'brain': '46.8', 'lymphoid tissue': '39.6', 'skin 1': '32.2'}",Cell type enhanced,Detected in many,,"{'B-cells': '210.9', 'Basal squamous epithelial cells': '155.3', 'dendritic cells': '512.5', 'Excitatory neurons': '174.6', 'Inhibitory neurons': '146.4', 'Langerhans cells': '173.8', 'Squamous epithelial cells': '153.8'}",Low cell type specificity,Detected in many,,,0.59,0.66,0.29,0.63,0.39
0,ENY2,ENSG00000120533,Low tissue specificity,Detected in all,,,Cell type enhanced,Detected in all,,{'Oocytes': '808.0'},Low cell type specificity,Detected in all,,,0.17,0.17,0.10,0.26,0.11
0,EPC1,ENSG00000120616,Tissue enriched,Detected in all,5,{'bone marrow': '147.7'},Low cell type specificity,Detected in all,,,Low cell type specificity,Detected in all,,,0.45,0.30,0.16,0.23,0.11
0,TAF12,ENSG00000120656,Low tissue specificity,Detected in all,,,Cell type enhanced,Detected in all,,"{'Spermatocytes': '270.9', 'Spermatogonia': '156.4'}",Low cell type specificity,Detected in all,,,0.28,0.18,0.05,0.39,0.22
0,MED13L,ENSG00000123066,Low tissue specificity,Detected in all,,,Cell type enhanced,Detected in all,,"{'Microglial cells': '408.0', 'Oligodendrocyte precursor cells': '331.1'}",Low cell type specificity,Detected in all,,,0.33,0.72,0.15,0.33,0.17
0,NCOA3,ENSG00000124151,Low tissue specificity,Detected in all,,,Cell type enhanced,Detected in all,,"{'B-cells': '155.2', 'Plasma cells': '161.2'}",Low cell type specificity,Detected in all,,,0.32,0.37,0.13,0.35,0.26
0,USP22,ENSG00000124422,Low tissue specificity,Detected in all,,,Low cell type specificity,Detected in all,,,Low cell type specificity,Detected in all,,,0.19,0.10,0.08,0.17,0.08
0,MED20,ENSG00000124641,Low tissue specificity,Detected in all,,,Cell type enhanced,Detected in many,,{'Syncytiotrophoblasts': '25.2'},Low cell type specificity,Detected in all,,,0.18,0.18,0.05,0.46,0.21
0,GTF2F1,ENSG00000125651,Low tissue specificity,Detected in all,,,Cell type enhanced,Detected in all,,{'Late spermatids': '417.1'},Low cell type specificity,Detected in all,,,0.18,0.12,0.06,0.40,0.19
0,MED1,ENSG00000125686,Low tissue specificity,Detected in all,,,Low cell type specificity,Detected in all,,,Low cell type specificity,Detected in all,,,0.19,0.19,0.07,0.18,0.09
0,BCL11B,ENSG00000127152,Group enriched,Detected in many,4,"{'brain': '12.4', 'lymphoid tissue': '35.7', 'skin 1': '14.6'}",Cell type enhanced,Detected in many,,"{'Basal keratinocytes': '83.9', 'Basal squamous epithelial cells': '89.5', 'Inhibitory neurons': '101.1', 'NK-cells': '135.5', 'Suprabasal keratinocytes': '76.2', 'T-cells': '301.6'}",Cell type enhanced,Detected in many,,{'leukocyte': '662.6'},0.82,0.73,0.45,0.74,0.51
0,SMARCA4,ENSG00000127616,Low tissue specificity,Detected in all,,,Low cell type specificity,Detected in all,,,Low cell type specificity,Detected in all,,,0.22,0.19,0.05,0.20,0.13
0,MBD4,ENSG00000129071,Low tissue specificity,Detected in all,,,Low cell type specificity,Detected in all,,,Low cell type specificity,Detected in all,,,0.27,0.26,0.07,0.25,0.24
0,CCNT1,ENSG00000129315,Low tissue specificity,Detected in all,,,Cell type enhanced,Detected in many,,{'Early spermatids': '133.9'},Low cell type specificity,Detected in all,,,0.35,0.45,0.08,0.39,0.17
0,ASH2L,ENSG00000129691,Low tissue specificity,Detected in all,,,Low cell type specificity,Detected in all,,,Low cell type specificity,Detected in all,,,0.17,0.23,0.06,0.33,0.09
0,PHF10,ENSG00000130024,Low tissue specificity,Detected in all,,,Low cell type specificity,Detected in all,,,Low cell type specificity,Detected in all,,,0.13,0.42,0.04,0.28,0.26
0,MLLT1,ENSG00000130382,Low tissue specificity,Detected in all,,,Group enriched,Detected in all,13,"{'Cytotrophoblasts': '565.3', 'Syncytiotrophoblasts': '1078.8'}",Cell type enhanced,Detected in all,,{'ependymal cell': '139.7'},0.23,0.53,0.05,0.60,0.34
0,TRIM28,ENSG00000130726,Low tissue specificity,Detected in all,,,Low cell type specificity,Detected in all,,,Low cell type specificity,Detected in all,,,0.12,0.21,0.04,0.23,0.21
0,MED18,ENSG00000130772,Low tissue specificity,Detected in all,,,Low cell type specificity,Detected in many,,,Low cell type specificity,Detected in many,,,0.37,0.19,0.10,0.43,0.33
0,CDK8,ENSG00000132964,Low tissue specificity,Detected in many,,,Cell type enhanced,Detected in all,,"{'Excitatory neurons': '114.6', 'Inhibitory neurons': '167.9', 'Late spermatids': '106.8', 'Oligodendrocyte precursor cells': '140.1', 'Oligodendrocytes': '85.6'}",Low cell type specificity,Detected in all,,,0.44,Not detected,0.13,0.52,0.15
0,MED10,ENSG00000133398,Low tissue specificity,Detected in all,,,Low cell type specificity,Detected in all,,,Low cell type specificity,Detected in all,,,0.22,0.12,0.09,0.24,0.13
0,DPF2,ENSG00000133884,Low tissue specificity,Detected in all,,,Cell type enhanced,Detected in all,,{'Oocytes': '134.5'},Low cell type specificity,Detected in all,,,0.13,0.15,0.11,0.35,0.12
0,MED6,ENSG00000133997,Low tissue specificity,Detected in all,,,Low cell type specificity,Detected in all,,,Low cell type specificity,Detected in all,,,0.16,0.07,0.12,0.31,0.07
0,CDK7,ENSG00000134058,Low tissue specificity,Detected in all,,,Cell type enhanced,Detected in all,,"{'Cytotrophoblasts': '132.7', 'Extravillous trophoblasts': '388.1', 'Oocytes': '199.2'}",Low cell type specificity,Detected in all,,,0.26,0.33,0.13,0.55,0.13
0,CDC73,ENSG00000134371,Low tissue specificity,Detected in all,,,Low cell type specificity,Detected in all,,,Low cell type specificity,Detected in all,,,0.19,0.47,0.08,0.22,0.10
0,CCNH,ENSG00000134480,Low tissue specificity,Detected in all,,,Cell type enhanced,Detected in all,,"{'Early spermatids': '416.3', 'monocytes': '393.1', 'Oocytes': '431.6'}",Low cell type specificity,Detected in all,,,0.21,0.11,0.17,0.39,0.17
0,TAF5L,ENSG00000135801,Low tissue specificity,Detected in all,,,Cell type enhanced,Detected in many,,{'Oocytes': '53.7'},Low cell type specificity,Detected in all,,,0.27,Not detected,0.06,0.46,0.17
0,MED4,ENSG00000136146,Low tissue specificity,Detected in all,,,Low cell type specificity,Detected in all,,,Low cell type specificity,Detected in all,,,0.15,0.07,0.11,0.21,0.11
0,ACTL6A,ENSG00000136518,Low tissue specificity,Detected in all,,,Cell type enhanced,Detected in many,,"{'Oocytes': '241.2', 'Spermatocytes': '224.2'}",Low cell type specificity,Detected in all,,,0.25,0.16,0.16,0.42,0.35
0,CDK9,ENSG00000136807,Low tissue specificity,Detected in all,,,Low cell type specificity,Detected in all,,,Low cell type specificity,Detected in all,,,0.19,0.38,0.06,0.27,0.23
0,INTS12,ENSG00000138785,Low tissue specificity,Detected in all,,,Low cell type specificity,Detected in all,,,Low cell type specificity,Detected in all,,,0.19,0.18,0.06,0.32,0.16
0,SMARCC2,ENSG00000139613,Low tissue specificity,Detected in all,,,Low cell type specificity,Detected in all,,,Low cell type specificity,Detected in all,,,0.15,0.25,0.05,0.18,0.30
0,SETD1B,ENSG00000139718,Low tissue specificity,Detected in all,,,Low cell type specificity,Detected in many,,,Low cell type specificity,Detected in all,,,0.29,0.62,0.14,0.33,0.17
0,GTF2A2,ENSG00000140307,Low tissue specificity,Detected in all,,,Cell type enhanced,Detected in all,,"{'Early spermatids': '1379.3', 'Late spermatids': '730.1', 'Spermatocytes': '1124.2'}",Low cell type specificity,Detected in all,,,0.26,0.10,0.07,0.37,0.21
0,SKIC8,ENSG00000140395,Low tissue specificity,Detected in all,,,Low cell type specificity,Detected in all,,,Low cell type specificity,Detected in all,,,0.20,0.17,0.13,0.21,0.10
0,MED9,ENSG00000141026,Low tissue specificity,Detected in all,,,Low cell type specificity,Detected in many,,,Low cell type specificity,Detected in all,,,0.32,0.13,0.08,0.39,0.09
0,SS18,ENSG00000141380,Low tissue specificity,Detected in all,,,Low cell type specificity,Detected in all,,,Low cell type specificity,Detected in all,,,0.13,0.15,0.07,0.27,0.15
0,INTS7,ENSG00000143493,Low tissue specificity,Detected in all,,,Cell type enhanced,Detected in many,,"{'Early spermatids': '36.6', 'Late spermatids': '34.5', 'Oligodendrocytes': '43.3'}",Low cell type specificity,Detected in all,,,0.38,0.31,0.17,0.49,0.16
0,POLR2D,ENSG00000144231,Tissue enhanced,Detected in all,,{'testis': '72.1'},Cell type enhanced,Detected in all,,{'Late spermatids': '50.4'},Low cell type specificity,Detected in all,,,0.41,0.14,0.06,0.39,0.16
0,MED12L,ENSG00000144893,Tissue enhanced,Detected in some,,"{'bone marrow': '3.8', 'testis': '4.0'}",Group enriched,Detected in many,4,"{'Astrocytes': '363.5', 'Excitatory neurons': '292.6', 'Inhibitory neurons': '115.6', 'Oligodendrocyte precursor cells': '211.8'}",Cell type enhanced,Detected in all,,{'choroid plexus epithelial cell': '1326.0'},0.68,0.88,0.26,0.84,0.28
0,POLR2K,ENSG00000147669,Low tissue specificity,Detected in all,,,Low cell type specificity,Detected in all,,,Low cell type specificity,Detected in all,,,0.11,0.09,0.06,0.26,0.22
0,MED22,ENSG00000148297,Low tissue specificity,Detected in all,,,Low cell type specificity,Detected in many,,,Low cell type specificity,Detected in all,,,0.21,0.41,0.09,0.36,0.26
0,SSRP1,ENSG00000149136,Low tissue specificity,Detected in all,,,Low cell type specificity,Detected in all,,,Low cell type specificity,Detected in all,,,0.18,0.22,0.05,0.28,0.22
0,INTS4,ENSG00000149262,Low tissue specificity,Detected in all,,,Low cell type specificity,Detected in many,,,Low cell type specificity,Detected in all,,,0.20,0.13,0.15,0.36,0.14
0,TADA1,ENSG00000152382,Low tissue specificity,Detected in all,,,Cell type enhanced,Detected in many,,{'Oocytes': '46.3'},Low cell type specificity,Detected in all,,,0.32,0.17,0.10,0.55,0.18
0,MED21,ENSG00000152944,Low tissue specificity,Detected in all,,,Cell type enhanced,Detected in all,,{'Early spermatids': '249.8'},Low cell type specificity,Detected in all,,,0.15,0.18,0.09,0.34,0.13
0,SMARCA5,ENSG00000153147,Low tissue specificity,Detected in all,,,Low cell type specificity,Detected in all,,,Low cell type specificity,Detected in all,,,0.16,0.17,0.10,0.21,0.15
0,GTF2E1,ENSG00000153767,Low tissue specificity,Detected in all,,,Cell type enhanced,Detected in many,,{'Spermatogonia': '23.0'},Low cell type specificity,Detected in all,,,0.25,0.24,0.19,0.46,0.40
0,CHD1,ENSG00000153922,Low tissue specificity,Detected in all,,,Cell type enhanced,Detected in all,,{'monocytes': '658.0'},Low cell type specificity,Detected in all,,,0.42,0.32,0.34,0.39,0.22
0,CXXC1,ENSG00000154832,Low tissue specificity,Detected in all,,,Low cell type specificity,Detected in all,,,Low cell type specificity,Detected in all,,,0.21,0.13,0.09,0.26,0.25
0,CDK19,ENSG00000155111,Low tissue specificity,Detected in all,,,Cell type enhanced,Detected in all,,"{'Late spermatids': '146.7', 'Oligodendrocyte precursor cells': '145.3', 'Oligodendrocytes': '443.3', 'Prostatic glandular cells': '130.8'}",Cell type enhanced,Detected in all,,{'oligodendrocyte': '951.2'},0.39,0.72,0.17,0.53,0.31
0,MED7,ENSG00000155868,Low tissue specificity,Detected in all,,,Cell type enhanced,Detected in all,,"{'Early spermatids': '304.0', 'Late spermatids': '327.2', 'Spermatocytes': '108.2'}",Low cell type specificity,Detected in many,,,0.28,0.13,0.07,0.51,0.34
0,MED19,ENSG00000156603,Low tissue specificity,Detected in all,,,Cell type enhanced,Detected in all,,{'Oocytes': '194.1'},Low cell type specificity,Detected in all,,,0.22,0.10,0.12,0.35,0.13
0,KAT6B,ENSG00000156650,Low tissue specificity,Detected in all,,,Low cell type specificity,Detected in all,,,Low cell type specificity,Detected in all,,,0.19,0.39,0.05,0.23,0.09
0,MED8,ENSG00000159479,Low tissue specificity,Detected in all,,,Cell type enhanced,Detected in all,,{'Oocytes': '120.6'},Low cell type specificity,Detected in all,,,0.14,0.09,0.06,0.32,0.21
0,MED27,ENSG00000160563,Low tissue specificity,Detected in all,,,Cell type enhanced,Detected in all,,"{'Excitatory neurons': '84.8', 'Oligodendrocytes': '121.0'}",Low cell type specificity,Detected in all,,,0.18,0.12,0.07,0.43,0.14
0,MED11,ENSG00000161920,Low tissue specificity,Detected in all,,,Low cell type specificity,Detected in all,,,Low cell type specificity,Detected in all,,,0.14,0.22,0.09,0.31,0.26
0,TAF6L,ENSG00000162227,Low tissue specificity,Detected in all,,,Low cell type specificity,Detected in many,,,Low cell type specificity,Detected in all,,,0.28,0.34,0.05,0.36,0.25
0,DPY30,ENSG00000162961,Low tissue specificity,Detected in all,,,Cell type enhanced,Detected in all,,{'Oocytes': '367.6'},Low cell type specificity,Detected in all,,,0.12,0.10,0.08,0.29,0.14
0,SMARCAD1,ENSG00000163104,Low tissue specificity,Detected in all,,,Cell type enhanced,Detected in all,,"{'Excitatory neurons': '83.6', 'Inhibitory neurons': '79.1', 'Oligodendrocyte precursor cells': '81.1', 'Oligodendrocytes': '92.6'}",Low cell type specificity,Detected in all,,,0.20,0.37,0.11,0.40,0.06
0,VPS72,ENSG00000163159,Low tissue specificity,Detected in all,,,Cell type enhanced,Detected in all,,{'Oocytes': '219.1'},Low cell type specificity,Detected in all,,,0.22,0.10,0.04,0.43,0.15
0,ERCC3,ENSG00000163161,Low tissue specificity,Detected in all,,,Low cell type specificity,Detected in all,,,Low cell type specificity,Detected in all,,,0.17,0.20,0.23,0.30,0.12
0,ATXN7,ENSG00000163635,Low tissue specificity,Detected in all,,,Low cell type specificity,Detected in all,,,Low cell type specificity,Detected in all,,,0.34,0.55,0.04,0.30,0.15
0,POLR2H,ENSG00000163882,Low tissue specificity,Detected in all,,,Low cell type specificity,Detected in all,,,Low cell type specificity,Detected in all,,,0.15,0.18,0.07,0.24,0.21
0,PBRM1,ENSG00000163939,Low tissue specificity,Detected in all,,,Low cell type specificity,Detected in all,,,Low cell type specificity,Detected in all,,,0.24,0.33,0.06,0.21,0.13
0,H2AZ1,ENSG00000164032,Tissue enhanced,Detected in all,,{'bone marrow': '613.3'},Cell type enhanced,Detected in all,,"{'Extravillous trophoblasts': '1564.7', 'Langerhans cells': '1681.6'}",Low cell type specificity,Detected in all,,,0.24,0.13,0.05,0.25,0.15
0,WDR82,ENSG00000164091,Low tissue specificity,Detected in all,,,Cell type enhanced,Detected in all,,{'Late spermatids': '177.0'},Low cell type specificity,Detected in all,,,0.14,0.18,0.06,0.31,0.19
0,PEX2,ENSG00000164751,Low tissue specificity,Detected in all,,,Cell type enhanced,Detected in all,,{'Basal prostatic cells': '172.2'},Low cell type specificity,Detected in all,,,0.16,0.23,0.09,0.34,0.21
0,MED30,ENSG00000164758,Low tissue specificity,Detected in all,,,Low cell type specificity,Detected in all,,,Low cell type specificity,Detected in all,,,0.34,0.15,0.18,0.29,0.17
0,INTS1,ENSG00000164880,Low tissue specificity,Detected in all,,,Low cell type specificity,Detected in many,,,Low cell type specificity,Detected in all,,,0.27,0.47,0.05,0.24,0.15
0,INTS8,ENSG00000164941,Low tissue specificity,Detected in all,,,Low cell type specificity,Detected in all,,,Low cell type specificity,Detected in all,,,0.31,0.22,0.07,0.37,0.09
0,GTF2A1,ENSG00000165417,Low tissue specificity,Detected in all,,,Low cell type specificity,Detected in many,,,Low cell type specificity,Detected in all,,,0.22,0.67,0.14,0.27,0.06
0,TAF10,ENSG00000166337,Low tissue specificity,Detected in all,,,Cell type enhanced,Detected in all,,{'Late spermatids': '376.6'},Low cell type specificity,Detected in all,,,0.19,0.29,0.04,0.48,0.25
0,LEO1,ENSG00000166477,Low tissue specificity,Detected in all,,,Cell type enriched,Detected in all,4,{'granulocytes': '199.4'},Low cell type specificity,Detected in all,,,0.18,0.14,0.18,0.45,0.16
0,CDK12,ENSG00000167258,Low tissue specificity,Detected in all,,,Low cell type specificity,Detected in all,,,Low cell type specificity,Detected in all,,,0.35,0.55,0.08,0.27,0.14
0,KMT2D,ENSG00000167548,Low tissue specificity,Detected in all,,,Low cell type specificity,Detected in many,,,Low cell type specificity,Detected in all,,,0.36,0.74,0.10,0.32,0.12
0,POLR2G,ENSG00000168002,Low tissue specificity,Detected in all,,,Low cell type specificity,Detected in all,,,Low cell type specificity,Detected in all,,,0.14,0.09,0.13,0.28,0.36
0,SF3B5,ENSG00000169976,Low tissue specificity,Detected in all,,,Low cell type specificity,Detected in all,,,Low cell type specificity,Detected in all,,,0.14,0.09,0.03,0.24,0.28
0,TADA3,ENSG00000171148,Low tissue specificity,Detected in all,,,Low cell type specificity,Detected in all,,,Low cell type specificity,Detected in all,,,0.11,0.20,0.05,0.21,0.20
0,BPTF,ENSG00000171634,Low tissue specificity,Detected in all,,,Low cell type specificity,Detected in all,,,Low cell type specificity,Detected in all,,,0.22,0.36,0.12,0.19,0.10
0,AFF1,ENSG00000172493,Low tissue specificity,Detected in all,,,Cell type enhanced,Detected in many,,{'Microglial cells': '193.2'},Low cell type specificity,Detected in all,,,0.24,0.33,0.18,0.34,0.28
0,KAT5,ENSG00000172977,Low tissue specificity,Detected in all,,,Cell type enhanced,Detected in many,,{'Syncytiotrophoblasts': '114.3'},Low cell type specificity,Detected in all,,,0.10,0.14,0.05,0.35,0.18
0,TADA2B,ENSG00000173011,Low tissue specificity,Detected in all,,,Low cell type specificity,Detected in many,,,Low cell type specificity,Detected in all,,,0.32,0.49,0.08,0.41,0.15
0,SMARCC1,ENSG00000173473,Low tissue specificity,Detected in all,,,Low cell type specificity,Detected in all,,,Low cell type specificity,Detected in all,,,0.21,0.24,0.08,0.20,0.14
0,MED16,ENSG00000175221,Low tissue specificity,Detected in all,,,Cell type enhanced,Detected in all,,{'Oocytes': '141.2'},Low cell type specificity,Detected in all,,,0.18,0.12,0.06,0.43,0.24
0,RUVBL1,ENSG00000175792,Low tissue specificity,Detected in all,,,Cell type enhanced,Detected in all,,{'Ciliated cells': '182.0'},Low cell type specificity,Detected in all,,,0.19,0.30,0.19,0.40,0.31
0,SGF29,ENSG00000176476,Low tissue specificity,Detected in all,,,Group enriched,Detected in all,5,"{'Early spermatids': '158.8', 'Late spermatids': '395.5', 'Oocytes': '314.7'}",Low cell type specificity,Detected in all,,,0.28,0.12,0.13,0.53,0.19
0,DMAP1,ENSG00000178028,Low tissue specificity,Detected in all,,,Low cell type specificity,Detected in all,,,Low cell type specificity,Detected in all,,,0.22,0.14,0.04,0.26,0.12
0,MED14,ENSG00000180182,Low tissue specificity,Detected in all,,,Low cell type specificity,Detected in many,,,Low cell type specificity,Detected in all,,,0.36,0.31,0.06,0.37,0.13
0,RUVBL2,ENSG00000183207,Low tissue specificity,Detected in all,,,Cell type enhanced,Detected in all,,"{'Early spermatids': '598.5', 'Late spermatids': '961.8', 'Spermatocytes': '334.4'}",Low cell type specificity,Detected in all,,,0.31,0.12,0.07,0.49,0.35
0,EP400,ENSG00000183495,Low tissue specificity,Detected in all,,,Low cell type specificity,Detected in all,,,Low cell type specificity,Detected in all,,,0.20,0.58,0.05,0.32,0.07
0,SS18L1,ENSG00000184402,Low tissue specificity,Detected in all,,,Low cell type specificity,Detected in many,,,Low cell type specificity,Detected in all,,,0.39,0.65,0.15,0.40,0.13
0,MED12,ENSG00000184634,Low tissue specificity,Detected in all,,,Low cell type specificity,Detected in many,,,Low cell type specificity,Detected in all,,,0.25,0.35,0.05,0.36,0.25
0,NELFA,ENSG00000185049,Low tissue specificity,Detected in all,,,Low cell type specificity,Detected in all,,,Low cell type specificity,Detected in all,,,0.25,0.16,0.04,0.28,0.24
0,INTS5,ENSG00000185085,Low tissue specificity,Detected in all,,,Low cell type specificity,Detected in many,,,Low cell type specificity,Detected in all,,,0.18,0.25,0.02,0.36,0.26
0,TAF9B,ENSG00000187325,Low tissue specificity,Detected in all,,,Cell type enhanced,Detected in many,,{'Oocytes': '75.0'},Low cell type specificity,Detected in all,,,0.22,0.33,0.08,0.49,0.24
0,GTF2F2,ENSG00000188342,Low tissue specificity,Detected in all,,,Low cell type specificity,Detected in all,,,Low cell type specificity,Detected in all,,,0.23,0.19,0.22,0.22,0.25
0,NELFB,ENSG00000188986,Low tissue specificity,Detected in all,,,Low cell type specificity,Detected in all,,,Low cell type specificity,Detected in all,,,0.18,0.24,0.05,0.20,0.21
0,ARID2,ENSG00000189079,Low tissue specificity,Detected in all,,,Cell type enhanced,Detected in all,,"{'Early spermatids': '422.9', 'Late spermatids': '265.8'}",Low cell type specificity,Detected in all,,,0.36,0.55,0.13,0.46,0.18
0,SF3B3,ENSG00000189091,Low tissue specificity,Detected in all,,,Low cell type specificity,Detected in all,,,Low cell type specificity,Detected in all,,,0.19,0.09,0.09,0.30,0.15
0,SUPT5H,ENSG00000196235,Low tissue specificity,Detected in all,,,Low cell type specificity,Detected in all,,,Low cell type specificity,Detected in all,,,0.18,0.28,0.06,0.23,0.13
0,SUPT3H,ENSG00000196284,Low tissue specificity,Detected in many,,,Group enriched,Detected in many,7,"{'Astrocytes': '105.0', 'Early spermatids': '114.7', 'Excitatory neurons': '276.7', 'Inhibitory neurons': '389.3', 'Late spermatids': '197.8', 'Microglial cells': '119.0', 'Oligodendrocyte precursor cells': '171.7', 'Oligodendrocytes': '179.6', 'Oocytes': '122.8'}",Low cell type specificity,Detected in all,,,0.39,0.47,0.08,0.60,0.10
0,WDR5,ENSG00000196363,Low tissue specificity,Detected in all,,,Cell type enhanced,Detected in all,,"{'Early spermatids': '143.7', 'Spermatocytes': '87.2'}",Low cell type specificity,Detected in all,,,0.20,0.25,0.06,0.48,0.12
0,TRRAP,ENSG00000196367,Low tissue specificity,Detected in all,,,Low cell type specificity,Detected in many,,,Low cell type specificity,Detected in all,,,0.23,0.33,0.09,0.30,0.07
0,GTF2E2,ENSG00000197265,Low tissue specificity,Detected in all,,,Low cell type specificity,Detected in all,,,Low cell type specificity,Detected in all,,,0.24,0.38,0.13,0.32,0.16
0,NCOA6,ENSG00000198646,Low tissue specificity,Detected in all,,,Cell type enhanced,Detected in all,,{'Oligodendrocytes': '121.3'},Low cell type specificity,Detected in all,,,0.23,0.51,0.11,0.40,0.15
0,CTR9,ENSG00000198730,Low tissue specificity,Detected in all,,,Low cell type specificity,Detected in all,,,Low cell type specificity,Detected in all,,,0.24,0.26,0.09,0.26,0.20
0,NELFE,ENSG00000204356,Low tissue specificity,Detected in all,,,Group enriched,Detected in all,5,"{'Early spermatids': '595.7', 'Late spermatids': '1684.0'}",Low cell type specificity,Detected in all,,,0.29,0.08,0.06,0.48,0.26
0,DPF3,ENSG00000205683,Tissue enhanced,Detected in some,,"{'brain': '5.2', 'heart muscle': '2.5', 'retina': '5.0', 'skeletal muscle': '3.4'}",Cell type enhanced,Detected in many,,"{'Astrocytes': '99.1', 'Cone photoreceptor cells': '71.4', 'Early spermatids': '69.8', 'Granulosa cells': '48.1', 'Oligodendrocyte precursor cells': '115.6', 'Oligodendrocytes': '107.7', 'Rod photoreceptor cells': '94.5'}",Cell type enhanced,Detected in all,,"{'hippocampal CA4': '365.3', 'upper rhombic lip': '346.5'}",0.86,Not detected,0.44,0.73,0.47
0,SUPT4H1,ENSG00000213246,Low tissue specificity,Detected in all,,,Cell type enhanced,Detected in many,,"{'Basal squamous epithelial cells': '50.5', 'Erythroid cells': '41.2', 'Plasma cells': '40.0', 'Squamous epithelial cells': '55.6'}",Low cell type specificity,Detected in all,,,0.19,0.19,0.04,0.56,0.25
0,KMT2B,ENSG00000272333,Low tissue specificity,Detected in all,,,Cell type enhanced,Detected in many,,{'Rod photoreceptor cells': '76.8'},Low cell type specificity,Detected in all,,,0.18,0.57,0.14,0.38,0.13
