,Gene,Ensembl,Gene description,Protein class,Biological process,Molecular function,Subcellular location,Single cell expression cluster,Interactions
0,THYN1,ENSG00000151500,Thymocyte nuclear protein 1,['Predicted intracellular proteins'],,,"['Nucleoplasm', 'Nucleoli fibrillar center', 'Cytosol']",Cluster 44: Oocytes - Unknown function,1
0,TERB1,ENSG00000249961,Telomere repeat binding bouquet formation protein 1,"['Disease related genes', 'Human disease related genes', 'Predicted intracellular proteins']",['Meiosis'],,"['Nucleoplasm', 'Cell Junctions', 'Cytosol']",Cluster 79: Spermatocytes & Spermatogonia - Spermatogenesis,1
0,ZNF221,ENSG00000159905,Zinc finger protein 221,['Predicted intracellular proteins'],"['Transcription', 'Transcription regulation']",['DNA-binding'],['Nuclear bodies'],Cluster 55: Non-specific - Transcription,3
0,ZNF804B,ENSG00000182348,Zinc finger protein 804B,['Predicted intracellular proteins'],,,,Cluster 34: Neurons - Neuronal signaling,
0,ENSG00000267179,ENSG00000267179,Novel protein,['Predicted intracellular proteins'],,,['Nucleoplasm'],Cluster 7: T-cells - T-cell receptor,
0,ZNF608,ENSG00000168916,Zinc finger protein 608,['Predicted intracellular proteins'],"['Transcription', 'Transcription regulation']",['Repressor'],"['Nucleoplasm', 'Mitochondria']",Cluster 69: Neurons - Neuronal signaling,4
0,ZNF714,ENSG00000160352,Zinc finger protein 714,['Predicted intracellular proteins'],,,,Cluster 6: Ovarian stromal cells - Transcription,
0,ZNF630,ENSG00000221994,Zinc finger protein 630,['Predicted intracellular proteins'],"['Transcription', 'Transcription regulation']",['DNA-binding'],"['Nucleoplasm', 'Cytosol']",Cluster 26: Schwann cells & Melanocytes - Mixed function,
0,AEBP1,ENSG00000106624,AE binding protein 1,"['Disease related genes', 'Enzymes', 'Human disease related genes', 'Potential drug targets', 'Predicted intracellular proteins', 'Predicted secreted proteins']","['Transcription', 'Transcription regulation']","['Calmodulin-binding', 'DNA-binding', 'Repressor']","['Nucleoplasm', 'Vesicles', 'Cytosol']",Cluster 32: Smooth muscle cells - Muscle contraction,
0,TET2,ENSG00000168769,Tet methylcytosine dioxygenase 2,"['Cancer-related genes', 'Disease related genes', 'Enzymes', 'Human disease related genes', 'Potential drug targets', 'Predicted intracellular proteins']",['Cell cycle'],"['Chromatin regulator', 'Dioxygenase', 'DNA-binding', 'Oxidoreductase']",['Nucleoplasm'],Cluster 29: Monocytes - Innate immune response,43
0,CGGBP1,ENSG00000163320,CGG triplet repeat binding protein 1,['Predicted intracellular proteins'],"['Transcription', 'Transcription regulation']",['DNA-binding'],['Nucleoplasm'],Cluster 55: Non-specific - Transcription,18
0,PIN1,ENSG00000127445,"Peptidylprolyl cis/trans isomerase, NIMA-interacting 1","['Cancer-related genes', 'Enzymes', 'Metabolic proteins', 'Predicted intracellular proteins']",['Cell cycle'],"['Isomerase', 'Rotamase']","['Nucleoplasm', 'Cytosol']",Cluster 63: Late spermatids - Spermatogenesis,191
0,BORCS8-MEF2B,ENSG00000064489,BORCS8-MEF2B readthrough,['Predicted intracellular proteins'],,,"['Nucleoplasm', 'Cell Junctions', 'Cytosol']",Cluster 47: Astrocytes - Unknown function,
0,GPBP1,ENSG00000062194,GC-rich promoter binding protein 1,['Predicted intracellular proteins'],"['Transcription', 'Transcription regulation']","['Activator', 'DNA-binding']","['Vesicles', 'Plasma membrane', 'Cytosol']",Cluster 80: Non-specific - Transcription,14
0,ZNF850,ENSG00000267041,Zinc finger protein 850,['Predicted intracellular proteins'],"['Transcription', 'Transcription regulation']",['DNA-binding'],['Nucleoplasm'],Cluster 52: Non-specific - Cell proliferation,
0,SETDB2,ENSG00000136169,SET domain bifurcated histone lysine methyltransferase 2,"['Enzymes', 'Metabolic proteins', 'Plasma proteins', 'Predicted intracellular proteins']","['Cell cycle', 'Cell division', 'Mitosis']","['Chromatin regulator', 'Developmental protein', 'Methyltransferase', 'Transferase']",['Nucleoplasm'],Cluster 58: Macrophages - Innate immune response,3
0,ZNF865,ENSG00000261221,Zinc finger protein 865,['Predicted intracellular proteins'],"['Transcription', 'Transcription regulation']",['DNA-binding'],"['Nucleoplasm', 'Nucleoli']",Cluster 49: Non-specific - Transcription,3
0,PHF20,ENSG00000025293,PHD finger protein 20,"['Cancer-related genes', 'Plasma proteins', 'Predicted intracellular proteins']","['Transcription', 'Transcription regulation']","['Chromatin regulator', 'DNA-binding']","['Nucleoplasm', 'Nuclear membrane']",Cluster 78: NK-cells & T-cells - Immune system & Transcription,38
0,NANOGP8,ENSG00000255192,Nanog homeobox retrogene P8,['Predicted intracellular proteins'],"['Transcription', 'Transcription regulation']",['DNA-binding'],"['Nucleoplasm', 'Vesicles']",Cluster 21: Early spermatids - Spermatogenesis,
0,ZNF717,ENSG00000227124,Zinc finger protein 717,['Predicted intracellular proteins'],"['Transcription', 'Transcription regulation']",['DNA-binding'],"['Nucleoplasm', 'Nuclear bodies', 'Plasma membrane']",Cluster 8: Neurons - Neuronal signaling,
0,EEA1,ENSG00000102189,Early endosome antigen 1,"['Plasma proteins', 'Predicted intracellular proteins']",,,['Vesicles'],Cluster 53: Fibroblasts - ECM organization,24
0,ZNF843,ENSG00000176723,Zinc finger protein 843,['Predicted intracellular proteins'],,,"['Nucleoplasm', 'Nuclear speckles']",Cluster 68: Cardiomyocytes - Muscle contraction,6
0,ZNF207,ENSG00000010244,Zinc finger protein 207,"['Plasma proteins', 'Predicted intracellular proteins']","['Cell cycle', 'Cell division', 'Chromosome partition', 'Mitosis']",['DNA-binding'],['Nucleoplasm'],Cluster 15: Non-specific - Mixed function,10
0,ZNF688,ENSG00000229809,Zinc finger protein 688,['Predicted intracellular proteins'],"['Transcription', 'Transcription regulation']",['DNA-binding'],"['Nucleoplasm', 'Plasma membrane', 'Cell Junctions']",Cluster 63: Late spermatids - Spermatogenesis,35
0,DZIP1,ENSG00000134874,DAZ interacting zinc finger protein 1,"['Disease related genes', 'Human disease related genes', 'Predicted intracellular proteins']","['Cilium biogenesis/degradation', 'Differentiation', 'Spermatogenesis']",['Developmental protein'],"['Nucleoplasm', 'Centrosome', 'Basal body', 'Cytosol']",Cluster 63: Late spermatids - Spermatogenesis,7
0,ZNF830,ENSG00000198783,Zinc finger protein 830,['Predicted intracellular proteins'],"['Cell cycle', 'Cell division', 'Mitosis', 'mRNA processing', 'mRNA splicing']",['Developmental protein'],['Nucleoplasm'],Cluster 55: Non-specific - Transcription,38
0,ZNF783,ENSG00000204946,Zinc finger protein 783,['Predicted intracellular proteins'],"['Transcription', 'Transcription regulation']",['DNA-binding'],"['Plasma membrane', 'Cytosol']",Cluster 49: Non-specific - Transcription,4
0,NKRF,ENSG00000186416,NFKB repressing factor,['Predicted intracellular proteins'],"['Transcription', 'Transcription regulation']","['DNA-binding', 'Repressor']","['Nucleoplasm', 'Nucleoli']",Cluster 80: Non-specific - Transcription,99
0,CENPA,ENSG00000115163,Centromere protein A,['Predicted intracellular proteins'],"['Cell cycle', 'Cell division', 'Host-virus interaction', 'Mitosis']",['DNA-binding'],['Nucleoplasm'],Cluster 52: Non-specific - Cell proliferation,50
0,MECP2,ENSG00000169057,Methyl-CpG binding protein 2,"['Cancer-related genes', 'Disease related genes', 'Human disease related genes', 'Predicted intracellular proteins']","['Transcription', 'Transcription regulation']","['DNA-binding', 'Repressor']",['Nucleoplasm'],Cluster 78: NK-cells & T-cells - Immune system & Transcription,146
0,LIN28B,ENSG00000187772,Lin-28 homolog B,['Predicted intracellular proteins'],['RNA-mediated gene silencing'],['RNA-binding'],"['Nucleoplasm', 'Nucleoli', 'Cytosol']",Cluster 24: Cytotrophoblasts - Mitochondria,16
0,USF3,ENSG00000176542,Upstream transcription factor family member 3,['Predicted intracellular proteins'],,['DNA-binding'],"['Nucleoplasm', 'Nucleoli', 'Centrosome']",Cluster 55: Non-specific - Transcription,1
0,BAZ2B,ENSG00000123636,Bromodomain adjacent to zinc finger domain 2B,['Predicted intracellular proteins'],"['Transcription', 'Transcription regulation']",['DNA-binding'],"['Nucleoplasm', 'Cytosol']",Cluster 66: Photoreceptor cells - Visual perception,12
0,DPF3,ENSG00000205683,Double PHD fingers 3,['Predicted intracellular proteins'],"['Myogenesis', 'Neurogenesis', 'Transcription', 'Transcription regulation']","['Activator', 'Chromatin regulator', 'Repressor']",['Nucleoplasm'],Cluster 76: Oligodendrocyte precursor - Unknown function,29
0,MTF2,ENSG00000143033,Metal response element binding transcription factor 2,['Predicted intracellular proteins'],,"['Chromatin regulator', 'DNA-binding']",['Nucleoplasm'],Cluster 55: Non-specific - Transcription,15
0,ZZZ3,ENSG00000036549,Zinc finger ZZ-type containing 3,['Predicted intracellular proteins'],"['Transcription', 'Transcription regulation']",['DNA-binding'],"['Nucleoplasm', 'Nucleoli', 'Nucleoli rim']",Cluster 51: Oligodendrocytes - Unknown function,24
0,GTF2IRD1,ENSG00000006704,GTF2I repeat domain containing 1,"['Disease related genes', 'Human disease related genes', 'Predicted intracellular proteins']","['Transcription', 'Transcription regulation']","['Developmental protein', 'DNA-binding']","['Nucleoplasm', 'Cytosol']",Cluster 47: Astrocytes - Unknown function,24
0,TMF1,ENSG00000144747,TATA element modulatory factor 1,"['Cancer-related genes', 'Plasma proteins', 'Predicted intracellular proteins']","['Transcription', 'Transcription regulation']","['DNA-binding', 'Repressor']",['Golgi apparatus'],Cluster 78: NK-cells & T-cells - Immune system & Transcription,5
0,FOXO6,ENSG00000204060,Forkhead box O6,['Predicted intracellular proteins'],"['Transcription', 'Transcription regulation']","['Activator', 'DNA-binding']",,Cluster 10: Muller glia cells - Visual perception,
0,ZNF747,ENSG00000169955,Zinc finger protein 747,['Predicted intracellular proteins'],,,"['Centrosome', 'Cytosol']",Cluster 33: Non-specific - DNA binding,22
0,ZNF395,ENSG00000186918,Zinc finger protein 395,['Predicted intracellular proteins'],"['Transcription', 'Transcription regulation']",['DNA-binding'],"['Nucleoplasm', 'Cytosol']",Cluster 75: Serous glandular cells - Salivary secretion,13
0,SMYD3,ENSG00000185420,SET and MYND domain containing 3,"['Cancer-related genes', 'Enzymes', 'Metabolic proteins', 'Predicted intracellular proteins']",,"['Chromatin regulator', 'Methyltransferase', 'Transferase']","['Nucleoplasm', 'Cytosol']",Cluster 8: Neurons - Neuronal signaling,14
0,DACH1,ENSG00000276644,Dachshund family transcription factor 1,['Predicted intracellular proteins'],"['Transcription', 'Transcription regulation']","['Activator', 'Developmental protein', 'DNA-binding', 'Repressor']","['Nucleoplasm', 'Nuclear speckles']",Cluster 34: Neurons - Neuronal signaling,10
0,ZNF787,ENSG00000142409,Zinc finger protein 787,['Predicted intracellular proteins'],"['Transcription', 'Transcription regulation']",['DNA-binding'],"['Nucleoplasm', 'Nucleoli', 'Mitochondria']",Cluster 33: Non-specific - DNA binding,5
0,GLMP,ENSG00000198715,Glycosylated lysosomal membrane protein,"['Predicted intracellular proteins', 'Predicted membrane proteins', 'Transporters']",,,,Cluster 58: Macrophages - Innate immune response,
0,ZFP41,ENSG00000181638,ZFP41 zinc finger protein,['Predicted intracellular proteins'],"['Differentiation', 'Spermatogenesis', 'Transcription', 'Transcription regulation']","['Developmental protein', 'DNA-binding']","['Nucleoplasm', 'Nucleoli', 'Nucleoli rim', 'Plasma membrane']",Cluster 31: Spermatocytes - Spermatogenesis,7
0,ZSCAN18,ENSG00000121413,Zinc finger and SCAN domain containing 18,['Predicted intracellular proteins'],"['Transcription', 'Transcription regulation']",['DNA-binding'],"['Nucleoplasm', 'Primary cilium', 'Basal body', 'Cytosol']",Cluster 6: Ovarian stromal cells - Transcription,15
0,SCML4,ENSG00000146285,Scm polycomb group protein like 4,['Predicted intracellular proteins'],"['Transcription', 'Transcription regulation']",['Repressor'],['Nucleoplasm'],Cluster 7: T-cells - T-cell receptor,
0,SETDB1,ENSG00000143379,SET domain bifurcated histone lysine methyltransferase 1,"['Cancer-related genes', 'Enzymes', 'Metabolic proteins', 'Predicted intracellular proteins', 'Predicted membrane proteins']","['Transcription', 'Transcription regulation']","['Chromatin regulator', 'Methyltransferase', 'Repressor', 'Transferase']","['Nucleoplasm', 'Vesicles']",Cluster 49: Non-specific - Transcription,47
0,MTERF2,ENSG00000120832,Mitochondrial transcription termination factor 2,['Predicted intracellular proteins'],"['Transcription', 'Transcription regulation']",,,Cluster 71: Horizontal & Bipolar cells - Neuronal signaling,4
0,DPF1,ENSG00000011332,Double PHD fingers 1,['Predicted intracellular proteins'],"['Neurogenesis', 'Transcription', 'Transcription regulation']",,"['Nucleoplasm', 'Mitochondria', 'Cytosol']",Cluster 34: Neurons - Neuronal signaling,27
0,TIGD3,ENSG00000173825,Tigger transposable element derived 3,['Predicted intracellular proteins'],,['DNA-binding'],"['Nucleoplasm', 'Nuclear membrane']",Cluster 79: Spermatocytes & Spermatogonia - Spermatogenesis,3
0,ZNF473,ENSG00000142528,Zinc finger protein 473,['Predicted intracellular proteins'],,['DNA-binding'],['Nucleoplasm'],Cluster 70: Spermatocytes & Spermatids - Spermatid development,17
0,ZNF318,ENSG00000171467,Zinc finger protein 318,['Predicted intracellular proteins'],"['Meiosis', 'Transcription', 'Transcription regulation']","['Activator', 'Repressor']","['Nucleoplasm', 'Cytosol']",Cluster 73: B-cells - B-cell function,12
0,ZNF852,ENSG00000178917,Zinc finger protein 852,['Predicted intracellular proteins'],,,['Cytosol'],Cluster 55: Non-specific - Transcription,
0,SAFB2,ENSG00000130254,Scaffold attachment factor B2,"['Plasma proteins', 'Predicted intracellular proteins']","['Transcription', 'Transcription regulation']","['DNA-binding', 'Repressor', 'RNA-binding']","['Nucleoplasm', 'Nuclear bodies', 'Vesicles']",Cluster 55: Non-specific - Transcription,45
0,ASH1L,ENSG00000116539,ASH1 like histone lysine methyltransferase,"['Disease related genes', 'Enzymes', 'Human disease related genes', 'Metabolic proteins', 'Potential drug targets', 'Predicted intracellular proteins']","['Transcription', 'Transcription regulation']","['Activator', 'Chromatin regulator', 'Methyltransferase', 'Transferase']","['Nucleoplasm', 'Golgi apparatus']",Cluster 55: Non-specific - Transcription,4
0,NME2,ENSG00000243678,NME/NM23 nucleoside diphosphate kinase 2,"['Cancer-related genes', 'Enzymes', 'Metabolic proteins', 'Predicted intracellular proteins']","['Nucleotide metabolism', 'Transcription', 'Transcription regulation']","['Activator', 'DNA-binding', 'Kinase', 'Transferase']",['Cytosol'],Cluster 49: Non-specific - Transcription,23
0,MBD6,ENSG00000166987,Methyl-CpG binding domain protein 6,['Predicted intracellular proteins'],['Ubl conjugation pathway'],,['Nucleoplasm'],Cluster 74: Neutrophils - Degranulation,5
0,CXXC5,ENSG00000171604,CXXC finger protein 5,['Predicted intracellular proteins'],['Transcription'],"['DNA-binding', 'Repressor']","['Nucleoplasm', 'Cytosol']",Cluster 21: Early spermatids - Spermatogenesis,
0,ZNF326,ENSG00000162664,Zinc finger protein 326,['Predicted intracellular proteins'],"['mRNA processing', 'mRNA splicing', 'Transcription', 'Transcription regulation']","['Activator', 'DNA-binding']","['Nucleoplasm', 'Golgi apparatus', 'Vesicles']",Cluster 66: Photoreceptor cells - Visual perception,64
0,PCGF2,ENSG00000277258,Polycomb group ring finger 2,"['Disease related genes', 'Human disease related genes', 'Predicted intracellular proteins']","['Transcription', 'Transcription regulation']","['DNA-binding', 'Repressor']",['Nucleoplasm'],Cluster 41: Adipocytes & Endothelial cells - Mixed function,64
0,MTERF1,ENSG00000127989,Mitochondrial transcription termination factor 1,"['Plasma proteins', 'Predicted intracellular proteins']","['Transcription', 'Transcription regulation', 'Transcription termination']",['DNA-binding'],['Mitochondria'],Cluster 55: Non-specific - Transcription,2
0,FAM200B,ENSG00000237765,Family with sequence similarity 200 member B,['Predicted intracellular proteins'],,,,Cluster 39: Non-specific - Basic cellular processes,
0,DRAP1,ENSG00000175550,DR1 associated protein 1,['Predicted intracellular proteins'],"['Transcription', 'Transcription regulation']","['DNA-binding', 'Repressor']",['Cytosol'],Cluster 12: Squamous epithelial cells - Keratinization,28
0,SCMH1,ENSG00000010803,Scm polycomb group protein homolog 1,['Predicted intracellular proteins'],"['Transcription', 'Transcription regulation']","['Developmental protein', 'Repressor']","['Nucleoplasm', 'Nuclear bodies', 'Cytosol']",Cluster 69: Neurons - Neuronal signaling,15
0,ZNF550,ENSG00000251369,Zinc finger protein 550,['Predicted intracellular proteins'],,,"['Vesicles', 'Microtubules']",Cluster 55: Non-specific - Transcription,1
0,SNAPC2,ENSG00000104976,Small nuclear RNA activating complex polypeptide 2,['Predicted intracellular proteins'],"['Transcription', 'Transcription regulation']",,"['Nucleoplasm', 'Nuclear bodies', 'Cytosol']",Cluster 9: Endometrial stromal cells - Transcription,5
0,AKAP8L,ENSG00000011243,A-kinase anchoring protein 8 like,['Predicted intracellular proteins'],"['Host-virus interaction', 'mRNA processing', 'mRNA splicing', 'Transcription', 'Transcription regulation']",,['Nuclear speckles'],Cluster 55: Non-specific - Transcription,75
0,PA2G4,ENSG00000170515,Proliferation-associated 2G4,"['Enzymes', 'Plasma proteins', 'Predicted intracellular proteins']","['rRNA processing', 'Transcription', 'Transcription regulation', 'Translation regulation']","['Repressor', 'Ribonucleoprotein', 'RNA-binding']",['Cytosol'],Cluster 39: Non-specific - Basic cellular processes,74
0,CENPX,ENSG00000169689,Centromere protein X,['Predicted intracellular proteins'],"['Cell cycle', 'Cell division', 'DNA damage', 'DNA repair', 'Mitosis']",['DNA-binding'],,Cluster 52: Non-specific - Cell proliferation,21
0,CARF,ENSG00000138380,Calcium responsive transcription factor,['Predicted intracellular proteins'],"['Transcription', 'Transcription regulation']","['Activator', 'DNA-binding']","['Nucleoli fibrillar center', 'Vesicles', 'Cytosol']",Cluster 55: Non-specific - Transcription,5
0,MBD3,ENSG00000071655,Methyl-CpG binding domain protein 3,['Predicted intracellular proteins'],"['Transcription', 'Transcription regulation']",['DNA-binding'],['Nucleoplasm'],Cluster 27: Syncytiotrophoblasts - Pregnancy,84
0,PRDM12,ENSG00000130711,PR/SET domain 12,"['Disease related genes', 'Human disease related genes', 'Predicted intracellular proteins']","['Transcription', 'Transcription regulation']","['DNA-binding', 'Methyltransferase', 'Transferase']",['Nucleoplasm'],Cluster 65: Neurons - Synaptic function,
0,CENPT,ENSG00000102901,Centromere protein T,"['Disease related genes', 'Human disease related genes', 'Predicted intracellular proteins']","['Cell cycle', 'Cell division', 'Mitosis']",['DNA-binding'],"['Nucleoplasm', 'Nuclear bodies']",Cluster 57: Platelets - Hemostasis,10
0,TTF1,ENSG00000125482,Transcription termination factor 1,"['Human disease related genes', 'Predicted intracellular proteins']","['Transcription', 'Transcription regulation', 'Transcription termination']","['DNA replication inhibitor', 'DNA-binding']",['Nucleoli fibrillar center'],Cluster 55: Non-specific - Transcription,30
0,SGSM2,ENSG00000141258,Small G protein signaling modulator 2,['Predicted intracellular proteins'],,['GTPase activation'],"['Nucleoplasm', 'Cytosol']",Cluster 17: Breast glandular cells - Lactation,1
0,LCOR,ENSG00000196233,Ligand dependent nuclear receptor corepressor,['Predicted intracellular proteins'],"['Transcription', 'Transcription regulation']","['Activator', 'DNA-binding', 'Repressor']",['Nucleoplasm'],Cluster 51: Oligodendrocytes - Unknown function,30
0,GLYR1,ENSG00000140632,Glyoxylate reductase 1 homolog,['Predicted intracellular proteins'],,['DNA-binding'],"['Nucleoplasm', 'Cytosol']",Cluster 55: Non-specific - Transcription,19
0,CPEB1,ENSG00000214575,Cytoplasmic polyadenylation element binding protein 1,['Predicted intracellular proteins'],"['mRNA processing', 'Translation regulation']","['Activator', 'Repressor', 'Ribonucleoprotein', 'RNA-binding']","['Nucleoplasm', 'Cytosol']",Cluster 51: Oligodendrocytes - Unknown function,12
0,DACH2,ENSG00000126733,Dachshund family transcription factor 2,['Predicted intracellular proteins'],"['Transcription', 'Transcription regulation']","['Developmental protein', 'DNA-binding', 'Repressor']",['Nucleoplasm'],Cluster 69: Neurons - Neuronal signaling,
0,ZUP1,ENSG00000153975,Zinc finger containing ubiquitin peptidase 1,"['Enzymes', 'Predicted intracellular proteins']",,['Hydrolase'],"['Nucleoplasm', 'Cytosol']",Cluster 55: Non-specific - Transcription,9
0,REPIN1,ENSG00000214022,Replication initiator 1,['Predicted intracellular proteins'],,['DNA-binding'],['Nucleoplasm'],Cluster 16: Intestinal goblet cells - Mucin production,11
0,TIGD2,ENSG00000180346,Tigger transposable element derived 2,['Predicted intracellular proteins'],,['DNA-binding'],['Nuclear bodies'],Cluster 27: Syncytiotrophoblasts - Pregnancy,
0,TIGD6,ENSG00000164296,Tigger transposable element derived 6,['Predicted intracellular proteins'],,['DNA-binding'],"['Nucleoplasm', 'Vesicles', 'Actin filaments']",Cluster 3: Basal prostatic cells - Lipid metabolism,
0,KCNIP3,ENSG00000115041,Potassium voltage-gated channel interacting protein 3,"['Predicted intracellular proteins', 'Transporters']","['Apoptosis', 'Ion transport', 'Potassium transport', 'Transcription', 'Transcription regulation', 'Transport']","['Ion channel', 'Potassium channel', 'Repressor', 'Voltage-gated channel']",['Vesicles'],Cluster 34: Neurons - Neuronal signaling,20
0,ZNF750,ENSG00000141579,Zinc finger protein 750,"['Cancer-related genes', 'Disease related genes', 'Human disease related genes', 'Predicted intracellular proteins']","['Differentiation', 'Transcription', 'Transcription regulation']",['Activator'],,Cluster 12: Squamous epithelial cells - Keratinization,7
0,KLF14,ENSG00000266265,KLF transcription factor 14,['Predicted intracellular proteins'],"['Transcription', 'Transcription regulation']",['DNA-binding'],,Cluster 50: Connective tissue cells - ECM organization,
0,ZNF385C,ENSG00000187595,Zinc finger protein 385C,['Predicted intracellular proteins'],,,,Cluster 13: Spermatids - Transcription,1
0,ZNF706,ENSG00000120963,Zinc finger protein 706,['Predicted intracellular proteins'],['Translation regulation'],['Repressor'],['Plasma membrane'],Cluster 36: Late spermatids - Unknown function,
0,JRKL,ENSG00000183340,JRK like,"['Plasma proteins', 'Predicted intracellular proteins']",,['DNA-binding'],"['Nucleoplasm', 'Cytokinetic bridge']",Cluster 21: Early spermatids - Spermatogenesis,
0,ZFP64,ENSG00000020256,ZFP64 zinc finger protein,['Predicted intracellular proteins'],"['Transcription', 'Transcription regulation']",['DNA-binding'],['Nucleoplasm'],Cluster 70: Spermatocytes & Spermatids - Spermatid development,20
0,SON,ENSG00000159140,SON DNA and RNA binding protein,"['Disease related genes', 'Human disease related genes', 'Plasma proteins', 'Potential drug targets', 'Predicted intracellular proteins', 'Transporters']","['Cell cycle', 'mRNA processing', 'mRNA splicing']","['DNA-binding', 'RNA-binding']",['Nuclear speckles'],Cluster 55: Non-specific - Transcription,36
0,MSANTD3,ENSG00000066697,Myb/SANT DNA binding domain containing 3,['Predicted intracellular proteins'],,,"['Nucleoplasm', 'Nuclear bodies', 'Cytosol']",Cluster 45: Non-specific - Mixed function,3
0,ZNF718,ENSG00000250312,Zinc finger protein 718,['Predicted intracellular proteins'],"['Transcription', 'Transcription regulation']",['DNA-binding'],,Cluster 8: Neurons - Neuronal signaling,5
0,ZNF346,ENSG00000113761,Zinc finger protein 346,['Predicted intracellular proteins'],,['RNA-binding'],['Nucleoplasm'],Cluster 55: Non-specific - Transcription,33
0,CPXCR1,ENSG00000147183,CPX chromosome region candidate 1,['Predicted intracellular proteins'],,,,Cluster 18: Early spermatids - Unknown function,2
0,SPZ1,ENSG00000164299,Spermatogenic leucine zipper 1,['Predicted intracellular proteins'],"['Transcription', 'Transcription regulation']",['DNA-binding'],['Mid piece'],Cluster 63: Late spermatids - Spermatogenesis,5
0,LTF,ENSG00000012223,Lactotransferrin,"['Cancer-related genes', 'Plasma proteins', 'Predicted intracellular proteins', 'Predicted secreted proteins']","['Immunity', 'Ion transport', 'Iron transport', 'Osteogenesis', 'Transcription', 'Transcription regulation', 'Transport']","['Antibiotic', 'Antimicrobial', 'DNA-binding', 'Heparin-binding', 'Hydrolase', 'Protease', 'Serine protease']",,Cluster 17: Breast glandular cells - Lactation,19
0,ZBTB34,ENSG00000177125,Zinc finger and BTB domain containing 34,['Predicted intracellular proteins'],,,['Nucleoplasm'],Cluster 63: Late spermatids - Spermatogenesis,2
0,REXO4,ENSG00000148300,"REX4 homolog, 3'-5' exonuclease",['Predicted intracellular proteins'],,"['Exonuclease', 'Hydrolase', 'Nuclease']","['Nucleoplasm', 'Nucleoli']",Cluster 55: Non-specific - Transcription,79
0,ZNF587B,ENSG00000269343,Zinc finger protein 587B,['Predicted intracellular proteins'],,,['Nucleoplasm'],Cluster 55: Non-specific - Transcription,3
0,CAMTA2,ENSG00000108509,Calmodulin binding transcription activator 2,['Predicted intracellular proteins'],"['Transcription', 'Transcription regulation']",['Activator'],"['Nucleoplasm', 'Vesicles', 'Actin filaments', 'Mitochondria', 'Cytosol']",Cluster 32: Smooth muscle cells - Muscle contraction,1
0,ZNF609,ENSG00000180357,Zinc finger protein 609,['Predicted intracellular proteins'],"['Myogenesis', 'Transcription', 'Transcription regulation']","['Activator', 'Developmental protein']","['Nucleoplasm', 'Cytosol']",Cluster 51: Oligodendrocytes - Unknown function,17
0,SKOR1,ENSG00000188779,SKI family transcriptional corepressor 1,['Predicted intracellular proteins'],"['Transcription', 'Transcription regulation']",['Repressor'],['Nucleoplasm'],Cluster 70: Spermatocytes & Spermatids - Spermatid development,
0,TIGD4,ENSG00000169989,Tigger transposable element derived 4,['Predicted intracellular proteins'],,['DNA-binding'],"['Nucleoplasm', 'Cytosol']",Cluster 18: Early spermatids - Unknown function,2
0,ZMAT4,ENSG00000165061,Zinc finger matrin-type 4,['Predicted intracellular proteins'],,['DNA-binding'],"['Nucleoplasm', 'Nucleoli']",Cluster 8: Neurons - Neuronal signaling,2
0,PHF21A,ENSG00000135365,PHD finger protein 21A,"['Disease related genes', 'Human disease related genes', 'Predicted intracellular proteins']","['Transcription', 'Transcription regulation']","['Chromatin regulator', 'DNA-binding', 'Repressor']",['Nucleoplasm'],Cluster 76: Oligodendrocyte precursor - Unknown function,37
0,AKAP8,ENSG00000105127,A-kinase anchoring protein 8,"['Plasma proteins', 'Predicted intracellular proteins']","['Immunity', 'Innate immunity', 'Protein transport', 'Transcription', 'Transcription regulation', 'Transport']",['DNA-binding'],['Nucleoplasm'],Cluster 80: Non-specific - Transcription,40
0,ZBTB3,ENSG00000185670,Zinc finger and BTB domain containing 3,['Predicted intracellular proteins'],"['Transcription', 'Transcription regulation']",['DNA-binding'],['Mitochondria'],Cluster 21: Early spermatids - Spermatogenesis,9
0,ZNF503,ENSG00000165655,Zinc finger protein 503,['Predicted intracellular proteins'],"['Transcription', 'Transcription regulation']",['Repressor'],"['Nucleoplasm', 'Plasma membrane', 'Cytosol']",Cluster 12: Squamous epithelial cells - Keratinization,12
0,ATMIN,ENSG00000166454,ATM interactor,['Predicted intracellular proteins'],"['DNA damage', 'Transcription', 'Transcription regulation']",['Activator'],['Nuclear bodies'],Cluster 11: Late spermatids - Unknown function,11
0,PHF1,ENSG00000112511,PHD finger protein 1,"['Disease related genes', 'Plasma proteins', 'Predicted intracellular proteins']","['DNA damage', 'Transcription', 'Transcription regulation']","['Chromatin regulator', 'Repressor']",['Nucleoplasm'],Cluster 78: NK-cells & T-cells - Immune system & Transcription,76
0,AHDC1,ENSG00000126705,AT-hook DNA binding motif containing 1,"['Disease related genes', 'Human disease related genes', 'Predicted intracellular proteins']","['Differentiation', 'Transcription', 'Transcription regulation']","['Activator', 'Developmental protein', 'DNA-binding']",['Nucleoplasm'],Cluster 12: Squamous epithelial cells - Keratinization,14
0,AKNA,ENSG00000106948,AT-hook transcription factor,['Predicted intracellular proteins'],"['Neurogenesis', 'Transcription', 'Transcription regulation']","['Activator', 'DNA-binding']","['Nucleoplasm', 'Nucleoli fibrillar center', 'Centrosome', 'Cytosol']",Cluster 19: NK-cells - Adaptive immune response,2
0,ZBED9,ENSG00000232040,Zinc finger BED-type containing 9,['Predicted intracellular proteins'],,,"['Nucleoplasm', 'Nucleoli', 'Golgi apparatus']",Cluster 3: Basal prostatic cells - Lipid metabolism,
0,POU6F1,ENSG00000184271,POU class 6 homeobox 1,['Predicted intracellular proteins'],,,"['Nuclear bodies', 'Actin filaments']",Cluster 69: Neurons - Neuronal signaling,
0,FAM170A,ENSG00000164334,Family with sequence similarity 170 member A,['Predicted intracellular proteins'],"['Transcription', 'Transcription regulation']","['Activator', 'DNA-binding']",,Cluster 70: Spermatocytes & Spermatids - Spermatid development,
0,TIGD7,ENSG00000140993,Tigger transposable element derived 7,['Predicted intracellular proteins'],,['DNA-binding'],"['Plasma membrane', 'Cytosol']",Cluster 55: Non-specific - Transcription,1
0,ZMAT1,ENSG00000166432,Zinc finger matrin-type 1,['Predicted intracellular proteins'],,['DNA-binding'],['Nucleoplasm'],Cluster 47: Astrocytes - Unknown function,3
0,ZNF488,ENSG00000265763,Zinc finger protein 488,['Predicted intracellular proteins'],"['Neurogenesis', 'Transcription', 'Transcription regulation']","['DNA-binding', 'Repressor']","['Nucleoplasm', 'Cytosol']",Cluster 22: Proximal enterocytes - Digestion,17
0,HNF1A,ENSG00000135100,HNF1 homeobox A,"['Cancer-related genes', 'Human disease related genes', 'Predicted intracellular proteins']",,,['Nucleoplasm'],Cluster 22: Proximal enterocytes - Digestion,13
0,BAZ2A,ENSG00000076108,Bromodomain adjacent to zinc finger domain 2A,"['Plasma proteins', 'Predicted intracellular proteins']","['Transcription', 'Transcription regulation']","['Chromatin regulator', 'DNA-binding', 'Repressor', 'RNA-binding']",['Nuclear speckles'],Cluster 55: Non-specific - Transcription,10
0,ZBTB10,ENSG00000205189,Zinc finger and BTB domain containing 10,['Predicted intracellular proteins'],"['Transcription', 'Transcription regulation']",['DNA-binding'],['Nucleoplasm'],Cluster 37: Glandular & Luminal cells - Unknown function,18
0,PRR12,ENSG00000126464,Proline rich 12,"['Disease related genes', 'Predicted intracellular proteins']",,,['Cytosol'],Cluster 9: Endometrial stromal cells - Transcription,3
0,AHCTF1,ENSG00000153207,AT-hook containing transcription factor 1,"['Metabolic proteins', 'Predicted intracellular proteins', 'Transporters']","['Cell cycle', 'Cell division', 'mRNA transport', 'Protein transport', 'Translocation', 'Transport']",['DNA-binding'],"['Nucleoplasm', 'Nuclear membrane', 'Nuclear bodies']",Cluster 57: Platelets - Hemostasis,23
0,ANHX,ENSG00000227059,Anomalous homeobox,['Predicted intracellular proteins'],,['DNA-binding'],,Cluster 67: Spermatogonia - Spermatogenesis,
0,ZNF728,ENSG00000269067,Zinc finger protein 728,['Predicted intracellular proteins'],,,['Nucleoli fibrillar center'],Cluster 70: Spermatocytes & Spermatids - Spermatid development,
0,ENSG00000233757,ENSG00000233757,Novel C2H2 type zinc finger protein,['Predicted intracellular proteins'],,,,Cluster 11: Late spermatids - Unknown function,
0,PLSCR1,ENSG00000188313,Phospholipid scramblase 1,"['Predicted intracellular proteins', 'Transporters']","['Antiviral defense', 'Host-virus interaction', 'Lipid transport', 'Transport']","['DNA-binding', 'Host cell receptor for virus entry', 'Hydrolase', 'Nuclease', 'Receptor']","['Nucleoplasm', 'Golgi apparatus', 'Plasma membrane']",Cluster 29: Monocytes - Innate immune response,81
0,CHCHD3,ENSG00000106554,Coiled-coil-helix-coiled-coil-helix domain containing 3,['Predicted intracellular proteins'],"['Host-virus interaction', 'Transcription', 'Transcription regulation']",['Repressor'],['Mitochondria'],Cluster 68: Cardiomyocytes - Muscle contraction,83
0,FLYWCH1,ENSG00000059122,FLYWCH-type zinc finger 1,['Predicted intracellular proteins'],"['DNA damage', 'Transcription', 'Transcription regulation']",['DNA-binding'],"['Nucleoplasm', 'Nuclear bodies', 'Cytosol']",Cluster 25: Bipolar cells - Visual perception,9
0,TERF2,ENSG00000132604,Telomeric repeat binding factor 2,['Predicted intracellular proteins'],['Cell cycle'],['DNA-binding'],"['Nucleoplasm', 'Nuclear bodies']",Cluster 33: Non-specific - DNA binding,89
0,CBLL2,ENSG00000175809,Cbl proto-oncogene like 2,"['Enzymes', 'Metabolic proteins', 'Predicted intracellular proteins']",['Ubl conjugation pathway'],['Transferase'],,Cluster 18: Early spermatids - Unknown function,14
0,MYPOP,ENSG00000176182,"Myb related transcription factor, partner of profilin",['Predicted intracellular proteins'],"['Transcription', 'Transcription regulation']","['DNA-binding', 'Repressor']",['Nucleoplasm'],Cluster 68: Cardiomyocytes - Muscle contraction,33
0,ZNF12,ENSG00000164631,Zinc finger protein 12,['Predicted intracellular proteins'],"['Transcription', 'Transcription regulation']","['DNA-binding', 'Repressor']","['Nucleoplasm', 'Centrosome']",Cluster 55: Non-specific - Transcription,5
0,ZFTA,ENSG00000188070,Zinc finger translocation associated,"['Disease related genes', 'Predicted intracellular proteins']",,,['Intermediate filaments'],Cluster 9: Endometrial stromal cells - Transcription,
0,KCMF1,ENSG00000176407,Potassium channel modulatory factor 1,"['Enzymes', 'Predicted intracellular proteins']",['Ubl conjugation pathway'],['Transferase'],"['Nucleoplasm', 'Cytosol']",Cluster 33: Non-specific - DNA binding,35
0,GTF2IRD2B,ENSG00000174428,GTF2I repeat domain containing 2B,"['Disease related genes', 'Predicted intracellular proteins']","['Transcription', 'Transcription regulation']",['DNA-binding'],['Nucleoplasm'],Cluster 49: Non-specific - Transcription,1
0,ANKZF1,ENSG00000163516,Ankyrin repeat and zinc finger peptidyl tRNA hydrolase 1,['Predicted intracellular proteins'],,"['Endonuclease', 'Hydrolase', 'Nuclease']","['Nucleoplasm', 'Nuclear bodies', 'Cytosol']",Cluster 55: Non-specific - Transcription,13
0,PCGF6,ENSG00000156374,Polycomb group ring finger 6,['Predicted intracellular proteins'],"['Transcription', 'Transcription regulation']",['Repressor'],,Cluster 79: Spermatocytes & Spermatogonia - Spermatogenesis,57
0,ZNF525,ENSG00000203326,Zinc finger protein 525,['Predicted intracellular proteins'],"['Transcription', 'Transcription regulation']",['DNA-binding'],,Cluster 55: Non-specific - Transcription,
0,GTF2I,ENSG00000263001,General transcription factor IIi,"['Disease related genes', 'Human disease related genes', 'Plasma proteins', 'Predicted intracellular proteins']","['Transcription', 'Transcription regulation']",['DNA-binding'],['Nucleoplasm'],Cluster 39: Non-specific - Basic cellular processes,53
0,MTERF3,ENSG00000156469,Mitochondrial transcription termination factor 3,['Predicted intracellular proteins'],"['Ribosome biogenesis', 'Transcription', 'Transcription regulation']",['DNA-binding'],"['Mitochondria', 'Cytosol']",Cluster 15: Non-specific - Mixed function,45
0,MSANTD4,ENSG00000170903,Myb/SANT DNA binding domain containing 4 with coiled-coils,['Predicted intracellular proteins'],,,"['Nucleoplasm', 'Cytosol']",Cluster 10: Muller glia cells - Visual perception,10
0,ZBTB9,ENSG00000213588,Zinc finger and BTB domain containing 9,['Predicted intracellular proteins'],"['Transcription', 'Transcription regulation']",['DNA-binding'],"['Nucleoplasm', 'Nuclear membrane', 'Cytosol']",Cluster 49: Non-specific - Transcription,37
0,MBNL2,ENSG00000139793,Muscleblind like splicing regulator 2,['Predicted intracellular proteins'],"['mRNA processing', 'mRNA splicing']",['RNA-binding'],['Nucleoplasm'],Cluster 51: Oligodendrocytes - Unknown function,1
0,CC2D1A,ENSG00000132024,Coiled-coil and C2 domain containing 1A,"['Disease related genes', 'Human disease related genes', 'Predicted intracellular proteins']","['Transcription', 'Transcription regulation']","['DNA-binding', 'Repressor']","['Nucleoli fibrillar center', 'Plasma membrane', 'Basal body', 'Cytosol']",Cluster 5: Enterocytes - Absorption,9
0,SETBP1,ENSG00000152217,SET binding protein 1,"['Cancer-related genes', 'Disease related genes', 'Human disease related genes', 'Predicted intracellular proteins']",,['DNA-binding'],"['Nucleoplasm', 'Nuclear bodies', 'Cytosol']",Cluster 8: Neurons - Neuronal signaling,9
0,CBX2,ENSG00000173894,Chromobox 2,"['Disease related genes', 'Human disease related genes', 'Predicted intracellular proteins']","['Differentiation', 'Sexual differentiation', 'Transcription', 'Transcription regulation']","['Chromatin regulator', 'DNA-binding', 'Repressor']",['Nucleoplasm'],Cluster 36: Late spermatids - Unknown function,42
0,CENPB,ENSG00000125817,Centromere protein B,['Predicted intracellular proteins'],,['DNA-binding'],"['Nucleoplasm', 'Nuclear bodies']",Cluster 33: Non-specific - DNA binding,9
0,ZNF705B,ENSG00000215356,Zinc finger protein 705B,['Predicted intracellular proteins'],"['Transcription', 'Transcription regulation']",['DNA-binding'],,Cluster 11: Late spermatids - Unknown function,
0,DOT1L,ENSG00000104885,DOT1 like histone lysine methyltransferase,"['Enzymes', 'Metabolic proteins', 'Plasma proteins', 'Predicted intracellular proteins']",,"['Chromatin regulator', 'DNA-binding', 'Methyltransferase', 'Transferase']",['Nucleoplasm'],Cluster 29: Monocytes - Innate immune response,30
0,CAMTA1,ENSG00000171735,Calmodulin binding transcription activator 1,"['Cancer-related genes', 'Disease related genes', 'Human disease related genes', 'Predicted intracellular proteins']","['Transcription', 'Transcription regulation']",['Activator'],"['Nucleoli', 'Basal body', 'Cytosol']",Cluster 39: Non-specific - Basic cellular processes,
0,ZNF598,ENSG00000167962,"Zinc finger protein 598, E3 ubiquitin ligase",['Predicted intracellular proteins'],,,"['Plasma membrane', 'Cytosol']",Cluster 33: Non-specific - DNA binding,36
0,ZNF703,ENSG00000183779,Zinc finger protein 703,"['Disease related genes', 'Predicted intracellular proteins']","['Transcription', 'Transcription regulation']",['Repressor'],,Cluster 27: Syncytiotrophoblasts - Pregnancy,5
0,TCF24,ENSG00000261787,Transcription factor 24,['Predicted intracellular proteins'],"['Transcription', 'Transcription regulation']",['DNA-binding'],,Cluster 68: Cardiomyocytes - Muscle contraction,1
0,SKOR2,ENSG00000215474,SKI family transcriptional corepressor 2,['Predicted intracellular proteins'],"['Transcription', 'Transcription regulation']",['Repressor'],,Cluster 79: Spermatocytes & Spermatogonia - Spermatogenesis,
0,ZNF367,ENSG00000165244,Zinc finger protein 367,['Predicted intracellular proteins'],"['Transcription', 'Transcription regulation']","['Activator', 'DNA-binding']",['Nucleoplasm'],Cluster 49: Non-specific - Transcription,
0,PHF19,ENSG00000119403,PHD finger protein 19,['Predicted intracellular proteins'],"['Transcription', 'Transcription regulation']","['Chromatin regulator', 'Repressor']",,Cluster 52: Non-specific - Cell proliferation,50
0,CHAMP1,ENSG00000198824,Chromosome alignment maintaining phosphoprotein 1,"['Human disease related genes', 'Predicted intracellular proteins']",,,"['Nucleoplasm', 'Nuclear bodies']",Cluster 49: Non-specific - Transcription,25
0,ZNF428,ENSG00000131116,Zinc finger protein 428,['Predicted intracellular proteins'],,,"['Nucleoli', 'Mitochondria']",Cluster 10: Muller glia cells - Visual perception,12
0,CEBPZ,ENSG00000115816,CCAAT enhancer binding protein zeta,['Predicted intracellular proteins'],"['Transcription', 'Transcription regulation']",['Activator'],"['Nucleoplasm', 'Vesicles']",Cluster 39: Non-specific - Basic cellular processes,55
0,HOXA1,ENSG00000105991,Homeobox A1,"['Human disease related genes', 'Predicted intracellular proteins']",,,,Cluster 49: Non-specific - Transcription,18
0,POGK,ENSG00000143157,Pogo transposable element derived with KRAB domain,['Predicted intracellular proteins'],,"['Developmental protein', 'DNA-binding']",['Nucleoplasm'],Cluster 72: Alveolar cells - Lung function,9
0,GPBP1L1,ENSG00000159592,GC-rich promoter binding protein 1 like 1,['Predicted intracellular proteins'],"['Transcription', 'Transcription regulation']",['DNA-binding'],"['Nucleoplasm', 'Plasma membrane', 'Focal adhesion sites', 'Cytosol']",Cluster 55: Non-specific - Transcription,37
0,GTF2IRD2,ENSG00000196275,GTF2I repeat domain containing 2,"['Disease related genes', 'Predicted intracellular proteins']","['Transcription', 'Transcription regulation']",['DNA-binding'],['Nucleoplasm'],Cluster 6: Ovarian stromal cells - Transcription,1
0,KIN,ENSG00000151657,Kin17 DNA and RNA binding protein,['Predicted intracellular proteins'],"['DNA damage', 'DNA recombination', 'DNA repair', 'DNA replication', 'Host-virus interaction', 'mRNA processing', 'Stress response']","['DNA-binding', 'RNA-binding']","['Nucleoplasm', 'Cytosol']",Cluster 55: Non-specific - Transcription,7
0,L3MBTL4,ENSG00000154655,L3MBTL histone methyl-lysine binding protein 4,['Predicted intracellular proteins'],"['Transcription', 'Transcription regulation']",['Chromatin regulator'],"['Nucleoplasm', 'Vesicles']",Cluster 69: Neurons - Neuronal signaling,2
0,PREB,ENSG00000138073,Prolactin regulatory element binding,"['Predicted intracellular proteins', 'Predicted membrane proteins', 'Transporters']","['ER-Golgi transport', 'Protein transport', 'Transcription', 'Transcription regulation', 'Transport']","['Activator', 'DNA-binding']",['Endoplasmic reticulum'],Cluster 61: Plasma cells - Immunoglobulins & histones,29
0,SLC2A4RG,ENSG00000125520,SLC2A4 regulator,['Predicted intracellular proteins'],"['Transcription', 'Transcription regulation']",['DNA-binding'],['Nuclear speckles'],Cluster 33: Non-specific - DNA binding,
0,RBCK1,ENSG00000125826,RANBP2-type and C3HC4-type zinc finger containing 1,"['Disease related genes', 'Enzymes', 'Human disease related genes', 'Plasma proteins', 'Potential drug targets', 'Predicted intracellular proteins']","['Host-virus interaction', 'Ubl conjugation pathway']",['Transferase'],,Cluster 22: Proximal enterocytes - Digestion,63
0,ARHGAP35,ENSG00000160007,Rho GTPase activating protein 35,"['Cancer-related genes', 'Predicted intracellular proteins']","['Transcription', 'Transcription regulation']","['DNA-binding', 'GTPase activation', 'Repressor']","['Nuclear bodies', 'Microtubules', 'Aggresome']",Cluster 63: Late spermatids - Spermatogenesis,12
0,JRK,ENSG00000234616,Jrk helix-turn-helix protein,['Predicted intracellular proteins'],,['DNA-binding'],"['Nucleoplasm', 'Nucleoli', 'Nuclear bodies']",Cluster 55: Non-specific - Transcription,1
0,SAFB,ENSG00000160633,Scaffold attachment factor B,"['Plasma proteins', 'Predicted intracellular proteins']","['Transcription', 'Transcription regulation']","['DNA-binding', 'Repressor', 'RNA-binding']","['Nucleoplasm', 'Midbody']",Cluster 39: Non-specific - Basic cellular processes,56
0,TFDP3,ENSG00000183434,Transcription factor Dp family member 3,['Predicted intracellular proteins'],"['Transcription', 'Transcription regulation']",['DNA-binding'],"['Nucleoplasm', 'Nuclear membrane', 'Cytosol']",Cluster 67: Spermatogonia - Spermatogenesis,5
0,L3MBTL3,ENSG00000198945,L3MBTL histone methyl-lysine binding protein 3,['Predicted intracellular proteins'],"['Transcription', 'Transcription regulation']",['Chromatin regulator'],"['Nucleoplasm', 'Nucleoli', 'Nucleoli rim']",Cluster 55: Non-specific - Transcription,43
0,BRF2,ENSG00000104221,BRF2 RNA polymerase III transcription initiation factor subunit,['Predicted intracellular proteins'],"['Stress response', 'Transcription', 'Transcription regulation']",['Activator'],['Nucleoli'],Cluster 37: Glandular & Luminal cells - Unknown function,5
0,HMGN3,ENSG00000118418,High mobility group nucleosomal binding domain 3,['Predicted intracellular proteins'],,"['Chromatin regulator', 'DNA-binding']","['Nucleoplasm', 'Cytosol']",Cluster 24: Cytotrophoblasts - Mitochondria,4
0,TERF1,ENSG00000147601,Telomeric repeat binding factor 1,['Predicted intracellular proteins'],"['Cell cycle', 'Cell division', 'Mitosis']",['DNA-binding'],"['Nucleoli fibrillar center', 'Nuclear bodies']",Cluster 28: Dendritic cells - Antigen presentation,108
0,NACC2,ENSG00000148411,NACC family member 2,['Predicted intracellular proteins'],"['Transcription', 'Transcription regulation']",['Repressor'],"['Nucleoli', 'Mitochondria']",Cluster 63: Late spermatids - Spermatogenesis,20
0,ZNF704,ENSG00000164684,Zinc finger protein 704,['Predicted intracellular proteins'],"['Transcription', 'Transcription regulation']",['DNA-binding'],['Nucleoplasm'],Cluster 8: Neurons - Neuronal signaling,5
0,CCDC17,ENSG00000159588,Coiled-coil domain containing 17,['Predicted intracellular proteins'],,,,Cluster 42: Ciliated cells - Cilium assembly,3
0,ZNF821,ENSG00000102984,Zinc finger protein 821,['Predicted intracellular proteins'],"['Transcription', 'Transcription regulation']",['DNA-binding'],"['Nucleoplasm', 'Nuclear speckles']",Cluster 70: Spermatocytes & Spermatids - Spermatid development,2
0,RBSN,ENSG00000131381,"Rabenosyn, RAB effector",['Predicted intracellular proteins'],"['Protein transport', 'Transport']",,['Vesicles'],Cluster 55: Non-specific - Transcription,22
0,GTF2B,ENSG00000137947,General transcription factor IIB,"['Enzymes', 'Plasma proteins', 'Predicted intracellular proteins']","['Host-virus interaction', 'Transcription', 'Transcription regulation']","['Acyltransferase', 'DNA-binding', 'Transferase']","['Nucleoplasm', 'Nuclear bodies']",Cluster 80: Non-specific - Transcription,84
0,BPTF,ENSG00000171634,Bromodomain PHD finger transcription factor,"['Disease related genes', 'Human disease related genes', 'Plasma proteins', 'Predicted intracellular proteins']","['Transcription', 'Transcription regulation']",['Chromatin regulator'],['Nucleoplasm'],Cluster 55: Non-specific - Transcription,28
0,MYRFL,ENSG00000166268,Myelin regulatory factor like,"['Predicted intracellular proteins', 'Predicted membrane proteins']",,['DNA-binding'],['Nucleoli'],Cluster 65: Neurons - Synaptic function,
0,LCORL,ENSG00000178177,Ligand dependent nuclear receptor corepressor like,['Predicted intracellular proteins'],"['Transcription', 'Transcription regulation']","['Activator', 'DNA-binding']","['Nucleoplasm', 'Nuclear membrane']",Cluster 65: Neurons - Synaptic function,6
0,SNAPC5,ENSG00000174446,Small nuclear RNA activating complex polypeptide 5,['Predicted intracellular proteins'],"['Transcription', 'Transcription regulation']",,['Nucleoplasm'],Cluster 39: Non-specific - Basic cellular processes,13
0,ASCL5,ENSG00000232237,Achaete-scute family bHLH transcription factor 5,['Predicted intracellular proteins'],,,,Cluster 12: Squamous epithelial cells - Keratinization,
0,ZNF365,ENSG00000138311,Zinc finger protein 365,['Predicted intracellular proteins'],['Neurogenesis'],,"['Vesicles', 'Centriolar satellite', 'Centrosome']",Cluster 34: Neurons - Neuronal signaling,3
0,POU2AF1,ENSG00000110777,POU class 2 homeobox associating factor 1,"['Cancer-related genes', 'Disease related genes', 'Plasma proteins', 'Predicted intracellular proteins']","['Transcription', 'Transcription regulation']",['Activator'],,Cluster 61: Plasma cells - Immunoglobulins & histones,35
0,SPEN,ENSG00000065526,Spen family transcriptional repressor,"['Cancer-related genes', 'Disease related genes', 'Human disease related genes', 'Plasma proteins', 'Predicted intracellular proteins']","['Host-virus interaction', 'Notch signaling pathway', 'Transcription', 'Transcription regulation']","['Activator', 'DNA-binding', 'Repressor', 'RNA-binding']",['Nucleoplasm'],Cluster 37: Glandular & Luminal cells - Unknown function,25
0,FBXL19,ENSG00000099364,F-box and leucine rich repeat protein 19,['Predicted intracellular proteins'],['Ubl conjugation pathway'],['DNA-binding'],['Nucleoplasm'],Cluster 45: Non-specific - Mixed function,11
0,MBD2,ENSG00000134046,Methyl-CpG binding domain protein 2,"['Cancer-related genes', 'Predicted intracellular proteins']","['Transcription', 'Transcription regulation']",['DNA-binding'],['Nucleoplasm'],Cluster 33: Non-specific - DNA binding,47
0,ZNF487,ENSG00000243660,Zinc finger protein 487,['Predicted intracellular proteins'],,,"['Nucleoplasm', 'Nuclear membrane', 'Cytosol']",Cluster 42: Ciliated cells - Cilium assembly,
0,POU3F4,ENSG00000196767,POU class 3 homeobox 4,"['Human disease related genes', 'Predicted intracellular proteins']",,,['Nucleoplasm'],Cluster 10: Muller glia cells - Visual perception,
0,MBD4,ENSG00000129071,"Methyl-CpG binding domain 4, DNA glycosylase","['Cancer-related genes', 'Disease related genes', 'Human disease related genes', 'Predicted intracellular proteins']","['DNA damage', 'DNA repair']","['DNA-binding', 'Hydrolase']",['Nuclear speckles'],Cluster 73: B-cells - B-cell function,11
0,TPRX1,ENSG00000178928,Tetrapeptide repeat homeobox 1,['Predicted intracellular proteins'],,,,Cluster 66: Photoreceptor cells - Visual perception,
0,TIGD5,ENSG00000179886,Tigger transposable element derived 5,['Predicted intracellular proteins'],,['DNA-binding'],,Cluster 33: Non-specific - DNA binding,7
0,ZNF595,ENSG00000272602,Zinc finger protein 595,['Predicted intracellular proteins'],"['Transcription', 'Transcription regulation']",['DNA-binding'],,Cluster 55: Non-specific - Transcription,2
0,TOPORS,ENSG00000197579,"TOP1 binding arginine/serine rich protein, E3 ubiquitin ligase","['Disease related genes', 'Enzymes', 'Human disease related genes', 'Metabolic proteins', 'Potential drug targets', 'Predicted intracellular proteins']","['DNA damage', 'Ubl conjugation pathway']",['Transferase'],['Nucleoplasm'],Cluster 21: Early spermatids - Spermatogenesis,27
0,SRCAP,ENSG00000080603,Snf2 related CREBBP activator protein,"['Disease related genes', 'Human disease related genes', 'Predicted intracellular proteins']","['Host-virus interaction', 'Transcription', 'Transcription regulation']","['Activator', 'Chromatin regulator', 'DNA-binding', 'Helicase', 'Hydrolase']","['Nucleoplasm', 'Nuclear bodies', 'Golgi apparatus']",Cluster 49: Non-specific - Transcription,29
0,TCF20,ENSG00000100207,Transcription factor 20,"['Disease related genes', 'Human disease related genes', 'Plasma proteins', 'Predicted intracellular proteins']","['Transcription', 'Transcription regulation']","['Activator', 'DNA-binding']","['Nucleoplasm', 'Nuclear bodies']",Cluster 21: Early spermatids - Spermatogenesis,15
0,TIGD1,ENSG00000221944,Tigger transposable element derived 1,['Predicted intracellular proteins'],,['DNA-binding'],"['Nucleoplasm', 'Nucleoli rim', 'Nuclear bodies', 'Mitotic chromosome']",Cluster 55: Non-specific - Transcription,4
0,SEBOX,ENSG00000274529,SEBOX homeobox,['Predicted intracellular proteins'],"['Differentiation', 'Transcription', 'Transcription regulation']","['Developmental protein', 'DNA-binding']",,,
0,PRMT3,ENSG00000185238,Protein arginine methyltransferase 3,"['Enzymes', 'Predicted intracellular proteins']",,"['Methyltransferase', 'Transferase']",,Cluster 8: Neurons - Neuronal signaling,16
0,ZNF761,ENSG00000160336,Zinc finger protein 761,['Predicted intracellular proteins'],"['Transcription', 'Transcription regulation']",['DNA-binding'],,Cluster 40: Prostatic glandular cells - Transcription,3
0,XPA,ENSG00000136936,"XPA, DNA damage recognition and repair factor","['Cancer-related genes', 'Disease related genes', 'Human disease related genes', 'Predicted intracellular proteins']","['DNA damage', 'DNA repair']",['DNA-binding'],"['Nucleoplasm', 'Nuclear bodies', 'Cytosol']",Cluster 55: Non-specific - Transcription,41
0,TET3,ENSG00000187605,Tet methylcytosine dioxygenase 3,"['Disease related genes', 'Enzymes', 'Potential drug targets', 'Predicted intracellular proteins']",,"['Chromatin regulator', 'Developmental protein', 'Dioxygenase', 'DNA-binding', 'Oxidoreductase']","['Nucleoplasm', 'Vesicles', 'Cytosol']",Cluster 37: Glandular & Luminal cells - Unknown function,3
0,CXXC4,ENSG00000168772,CXXC finger protein 4,['Predicted intracellular proteins'],,,"['Nucleoplasm', 'Golgi apparatus']",Cluster 20: Enteroendocrine cells - Hormone signaling,
0,DNTTIP1,ENSG00000101457,Deoxynucleotidyltransferase terminal interacting protein 1,"['Plasma proteins', 'Predicted intracellular proteins']","['Transcription', 'Transcription regulation']",['DNA-binding'],"['Nucleoplasm', 'Nucleoli', 'Nucleoli rim', 'Mitotic chromosome']",Cluster 39: Non-specific - Basic cellular processes,34
0,ZNF831,ENSG00000124203,Zinc finger protein 831,['Predicted intracellular proteins'],,,,Cluster 78: NK-cells & T-cells - Immune system & Transcription,
0,TRAFD1,ENSG00000135148,TRAF-type zinc finger domain containing 1,['Predicted intracellular proteins'],,,"['Nucleoplasm', 'Cytosol']",Cluster 14: Langerhans cells - Innate immune response,8
0,NAIF1,ENSG00000171169,Nuclear apoptosis inducing factor 1,['Predicted intracellular proteins'],['Apoptosis'],,"['Nucleoplasm', 'Plasma membrane', 'Cytosol']",Cluster 70: Spermatocytes & Spermatids - Spermatid development,4
0,ZNF486,ENSG00000256229,Zinc finger protein 486,['Predicted intracellular proteins'],"['Transcription', 'Transcription regulation']",['DNA-binding'],,Cluster 55: Non-specific - Transcription,
0,LIN54,ENSG00000189308,Lin-54 DREAM MuvB core complex component,['Predicted intracellular proteins'],"['Cell cycle', 'Transcription', 'Transcription regulation']","['Activator', 'DNA-binding', 'Repressor']",,Cluster 51: Oligodendrocytes - Unknown function,26
0,LIN28A,ENSG00000131914,Lin-28 homolog A,['Predicted intracellular proteins'],['RNA-mediated gene silencing'],['RNA-binding'],"['Nucleoli', 'Cytosol', 'Rods & Rings']",Cluster 63: Late spermatids - Spermatogenesis,250
0,CENPS,ENSG00000175279,Centromere protein S,['Predicted intracellular proteins'],"['Cell cycle', 'Cell division', 'DNA damage', 'DNA repair', 'Mitosis']",['DNA-binding'],,Cluster 31: Spermatocytes - Spermatogenesis,29
0,ZNF804A,ENSG00000170396,Zinc finger protein 804A,['Predicted intracellular proteins'],,,['Endoplasmic reticulum'],Cluster 69: Neurons - Neuronal signaling,
0,ZBTB8A,ENSG00000160062,Zinc finger and BTB domain containing 8A,['Predicted intracellular proteins'],"['Transcription', 'Transcription regulation']",['DNA-binding'],"['Nuclear speckles', 'Focal adhesion sites']",Cluster 9: Endometrial stromal cells - Transcription,65
0,AHRR,ENSG00000063438,Aryl hydrocarbon receptor repressor,['Predicted intracellular proteins'],,,"['Nucleoplasm', 'Cytosol']",Cluster 70: Spermatocytes & Spermatids - Spermatid development,1
0,ZNF385A,ENSG00000161642,Zinc finger protein 385A,['Predicted intracellular proteins'],"['DNA damage', 'Transcription', 'Transcription regulation', 'Translation regulation']","['DNA-binding', 'RNA-binding']","['Nucleoplasm', 'Cytosol']",Cluster 66: Photoreceptor cells - Visual perception,
0,MTERF4,ENSG00000122085,Mitochondrial transcription termination factor 4,['Predicted intracellular proteins'],['rRNA processing'],['RNA-binding'],"['Mitochondria', 'Cytosol']",Cluster 55: Non-specific - Transcription,7
0,ATF7-NPFF,ENSG00000267281,ATF7-NPFF readthrough,['Predicted intracellular proteins'],,,"['Nucleoplasm', 'Cytosol']",Cluster 49: Non-specific - Transcription,
0,ZNF385D,ENSG00000151789,Zinc finger protein 385D,['Predicted intracellular proteins'],,,,Cluster 8: Neurons - Neuronal signaling,
0,SKI,ENSG00000157933,SKI proto-oncogene,"['Disease related genes', 'Human disease related genes', 'Plasma proteins', 'Predicted intracellular proteins']",,,"['Nucleoplasm', 'Nuclear bodies']",Cluster 78: NK-cells & T-cells - Immune system & Transcription,39
0,JAZF1,ENSG00000153814,JAZF zinc finger 1,"['Disease related genes', 'Human disease related genes', 'Predicted intracellular proteins']","['Lipid metabolism', 'Transcription', 'Transcription regulation']",,"['Nucleoplasm', 'Nucleoli fibrillar center', 'Primary cilium tip', 'Cytosol']",Cluster 9: Endometrial stromal cells - Transcription,16
0,DR1,ENSG00000117505,Down-regulator of transcription 1,['Predicted intracellular proteins'],"['Transcription', 'Transcription regulation']","['DNA-binding', 'Repressor']",['Nucleoplasm'],Cluster 70: Spermatocytes & Spermatids - Spermatid development,75
0,MYSM1,ENSG00000162601,"Myb like, SWIRM and MPN domains 1","['Disease related genes', 'Enzymes', 'Human disease related genes', 'Potential drug targets', 'Predicted intracellular proteins']","['Immunity', 'Transcription', 'Transcription regulation', 'Ubl conjugation pathway']","['Activator', 'Chromatin regulator', 'DNA-binding', 'Hydrolase', 'Metalloprotease', 'Protease']","['Nucleoplasm', 'Nucleoli']",Cluster 55: Non-specific - Transcription,7
0,ENSG00000264668,ENSG00000264668,Novel protein,['Predicted intracellular proteins'],,,"['Nucleoplasm', 'Nucleoli', 'Nucleoli rim', 'Plasma membrane']",,
0,MSANTD1,ENSG00000188981,Myb/SANT DNA binding domain containing 1,['Predicted intracellular proteins'],,,"['Nucleoplasm', 'Cytosol']",Cluster 11: Late spermatids - Unknown function,
0,SKIL,ENSG00000136603,SKI like proto-oncogene,['Predicted intracellular proteins'],,,"['Nucleoplasm', 'Cytosol']",Cluster 80: Non-specific - Transcription,30
0,ZNF385B,ENSG00000144331,Zinc finger protein 385B,['Predicted intracellular proteins'],['Apoptosis'],,['Nucleoli fibrillar center'],Cluster 34: Neurons - Neuronal signaling,
0,KDM2B,ENSG00000089094,Lysine demethylase 2B,"['Enzymes', 'Predicted intracellular proteins']","['Transcription', 'Transcription regulation', 'Ubl conjugation pathway']","['Chromatin regulator', 'Dioxygenase', 'DNA-binding', 'Oxidoreductase', 'Repressor', 'RNA-binding', 'rRNA-binding']",['Nucleoplasm'],Cluster 14: Langerhans cells - Innate immune response,26
0,ZNF888,ENSG00000213793,Zinc finger protein 888,['Predicted intracellular proteins'],"['Transcription', 'Transcription regulation']",['DNA-binding'],,Cluster 37: Glandular & Luminal cells - Unknown function,1
0,RAG1,ENSG00000166349,Recombination activating 1,"['Disease related genes', 'Enzymes', 'Human disease related genes', 'Metabolic proteins', 'Plasma proteins', 'Potential drug targets', 'Predicted intracellular proteins']","['DNA recombination', 'Ubl conjugation pathway']","['Chromatin regulator', 'DNA-binding', 'Endonuclease', 'Hydrolase', 'Multifunctional enzyme', 'Nuclease', 'Transferase']","['Nucleoplasm', 'Nucleoli']",Cluster 41: Adipocytes & Endothelial cells - Mixed function,12
0,ZNF474,ENSG00000164185,Zinc finger protein 474,['Predicted intracellular proteins'],,,"['Nucleoplasm', 'Nuclear membrane', 'Plasma membrane']",Cluster 42: Ciliated cells - Cilium assembly,18
